file_name,text
data_urti/magazines/magazine002-1.png,سان ہے۔
data_urti/magazines/magazine002-10.png,آزمانے سے پہلے ہر شخص پر مطمئن ہو جانا
data_urti/magazines/magazine002-100.png,جی ہاں!دوسری عورت۔۔۔۔۔۔!!
data_urti/magazines/magazine002-101.png,طلاق کی سب سے بڑی وجہ کیا ہے؟
data_urti/magazines/magazine002-102.png,شادی۔۔۔۔۔۔!!
data_urti/magazines/magazine002-103.png,(ریحانہ حسین ۔۔۔۔۔۔۔۔ کوٹلہ مغلان)
data_urti/magazines/magazine002-104.png,دیکھ بھال
data_urti/magazines/magazine002-105.png,""" ارے سیما تمہیں کیا ہو گیا؟ بہت تھکی تھکی سی"
data_urti/magazines/magazine002-106.png,"لگ رہی ہو۔"" ثوبیہ نے پوچھا۔"
data_urti/magazines/magazine002-107.png,""" تمہیں تو معلوم ہے کہ میرا شوہر بیمارہے اور"
data_urti/magazines/magazine002-108.png,مجھے دن رات اس کی دیکھ بھال کرنی پڑتی
data_urti/magazines/magazine002-109.png,"ہے۔"" سیما نے جواب دیا۔"
data_urti/magazines/magazine002-11.png,بیوقوفی ہے۔
data_urti/magazines/magazine002-110.png,"""دن رات؟"" ثوبیہ نے حیرت سے کہا۔"
data_urti/magazines/magazine002-111.png,""" جہاں تک مجھے معلوم ہے، تیماردار کے لئے رات کو"
data_urti/magazines/magazine002-112.png,"نرس آتی ہے۔"""
data_urti/magazines/magazine002-113.png,""" ہاں! اسی لئے تو رات کو بھی دیکھ بھال کرنی"
data_urti/magazines/magazine002-114.png,"ضروری ہے۔ "" سیما نے جوابا کہا۔"
data_urti/magazines/magazine002-115.png,(محمد عاصم صدیقی ۔۔۔۔۔۔ ملتان)
data_urti/magazines/magazine002-116.png,بڑے لوگ ۔۔۔۔۔۔۔۔ بڑی باتیں
data_urti/magazines/magazine002-117.png,ہم دولت سے ہم نشین حاصل کر سکتے
data_urti/magazines/magazine002-118.png,ہیں، دوست نہیں۔ (بقراط)
data_urti/magazines/magazine002-119.png,اپنے نفس کو فتح کرنا سب سے بڑی فتح
data_urti/magazines/magazine002-12.png,(غالب محبوب۔۔۔۔۔۔ حسن آباد، جہلم)
data_urti/magazines/magazine002-120.png,ہے۔ (افلاطون)
data_urti/magazines/magazine002-121.png,یونیورسٹی کے بارے میں ایک ماہر کا کہنا ہے کہ یہ وہ جگہ ہوتی ہے، جہاں طالب علم دل لگا کر علم حاصل
data_urti/magazines/magazine002-122.png,کرتے ہیں۔ مطلب یہ کہ دل بھی لگاتے ہیںاور علم بھی حاصل کرتے ہیں یعنی ایک ہی یونیورسٹی میں دو شکار۔
data_urti/magazines/magazine002-123.png,"غالبا فیض نے بھی یونیورسٹی کے طالبعلموں کے بارے میں لکھا تھا کہ ""کچھ عشق کیا ۔۔۔۔۔۔ کچھ کام کیا۔"""
data_urti/magazines/magazine002-124.png,لیکن یہ بات پوری طرح درست نہیں سمجھی جا سکتی کیونکہ یونیورسٹی میں کچھ ایسے طلبہ بھی ہوتے ہیں، جو
data_urti/magazines/magazine002-125.png,صرف دل لگاتے ہیں اور کچھ ایسے بھی ہیں جو صرف علم حاصل کرتے ہیں لیکن ماہرین یہ کہتے ہیں کہ انسان کو
data_urti/magazines/magazine002-126.png,""" ہر فن مولا"" ہونا چاہئے۔ جہاں تک ہمارے یونیورسٹی میں پڑھنے کا تعلق ہے تو اس کا شوق ہمیں بچپن سے تھا"
data_urti/magazines/magazine002-127.png,"یعنی جب ہم اسکول میں تھے تو کالج ہمیں""ڈریم لینڈ"" لگتا تھا اور جب کالج پہنچے تو ہمارا جی چاہتا تھا کہ جلدی"
data_urti/magazines/magazine002-128.png,سے گریجویشن کو دوڑائیں اور پہنچ جائیں یونیورسٹی۔ ہمیں تعلیم سے نہ صرف محبت بلکہ عشق ہے اور کیوں نہ ہو،
data_urti/magazines/magazine002-129.png,"ہماری پردادی کا نام ""تعلیم بی بی"" جو ہے، چنانچہ تعلیم سے ہمارا عشق فطری ہے۔"
data_urti/magazines/magazine002-13.png,ایک انمول تحفہ ماں
data_urti/magazines/magazine002-130.png,ہم نے اپنے علاقے کی یونیورسٹی، جس کی دھوم پورے پاکستان میں ہے، ایڈمیشن لے لیا۔ ہم نے
data_urti/magazines/magazine002-131.png,"انگلش میں ایم اے کرنے کا فیصلہ کیا۔ جہاں تک انگلش کا تعلق ہے تو یہ""ہماری اپنی"" زبان ہے۔ چنانچہ ایم"
data_urti/magazines/magazine002-132.png,"اے انگلش کرنے میں کوئی مشکل نہیں ہو گی۔ ہماری یونیورسٹی اپنے ""ذہین و فطین"" طالبعلموں کی وجہ سے خاصی"
data_urti/magazines/magazine002-133.png,مشہور ہے، جن میں ہم بھی شامل ہیں بلکہ ہم تو ٹاپ آف دی لسٹ ہیں۔
data_urti/magazines/magazine002-134.png,ہماری یونیورسٹی کی خاص بات یہ ہے کہ اس کی چار دیواری نہیں ہے چنانچہ یونیورسٹی ہر وقت اور ہر موسم
data_urti/magazines/magazine002-135.png,میں ہر خاص و عام کے لیے کھلی رہتی ہے۔ یہی وجہ ہے کہ ہمارے ساتھ ہی ہمارے علاقے کے نائی، درزی،
data_urti/magazines/magazine002-136.png,میں اپنے دوستوں میں حسن کو تلاش کرتا
data_urti/magazines/magazine002-137.png,ہوں، واقف کاروں میں کردار اور دشمنوں میں
data_urti/magazines/magazine002-138.png,دماغ۔ (آسکراءولڈ)
data_urti/magazines/magazine002-139.png,جو قوم اپنی مرضی سے مطیع ہو جاتی ہے
data_urti/magazines/magazine002-14.png,انسان کی زبان سے ادا ہونے والا خوبصورت
data_urti/magazines/magazine002-140.png,وہ اپنی سیرت کی جڑوں کو خود ہی کمزور کر دیتی
data_urti/magazines/magazine002-141.png,ہے۔ (ہٹلر)
data_urti/magazines/magazine002-142.png,ایسی نیکی کرو، جس سے زیادہ سے زیادہ
data_urti/magazines/magazine002-143.png,لوگوں کو فیض پہنچے۔ (ہنری ڈیوڈ تھوریو)
data_urti/magazines/magazine002-144.png,جو شخص اچھی کتابیں پڑھنے کا شوق نہیں
data_urti/magazines/magazine002-145.png,رکھتا وہ معراج انسانی سے گرا ہوا ہے۔
data_urti/magazines/magazine002-146.png,جہاں دولت نہیں ہوتی وہاں محبت عظیم
data_urti/magazines/magazine002-147.png,دولت ہے۔ (رسکن)
data_urti/magazines/magazine002-148.png,(جعفر نذیر ۔۔۔۔۔۔۔ جھڈو)
data_urti/magazines/magazine002-149.png,دوستی
data_urti/magazines/magazine002-15.png,لفظ ماں ہے اور سب سے زیادہ حسین پکار میری ماں
data_urti/magazines/magazine002-150.png,ایک بے حد خوبصورت اور مقدس جذبے کا
data_urti/magazines/magazine002-151.png,نام دوستی ہے۔ جو سونے کی طرح مہنگی اور چاندی
data_urti/magazines/magazine002-152.png,کی طرح چمکیلی تو نہیں لیکن ان دونوں سے زیادہ
data_urti/magazines/magazine002-153.png,پر کشش ضرور ہے۔ انسانیت نے ہزاروں سال
data_urti/magazines/magazine002-154.png,پہلے پہاڑوں کی بلندی، جھرنوں کا ترنم، کلیوں کی
data_urti/magazines/magazine002-155.png,معصومیت، پھولوں کا تبسم  اور خلوص محبت کے
data_urti/magazines/magazine002-156.png,سمندروں کو ایک ساتھ جمع کیا اور پھر ایک رشتہ بنایا
data_urti/magazines/magazine002-157.png,جس کا پیارا سا نام دوستی رکھا۔
data_urti/magazines/magazine002-158.png,دنیا میں کوئی چیز بھی رفاقت سے بڑھ کر نہیں۔
data_urti/magazines/magazine002-159.png,کوءی شے ایسی نہیں جو پر خلوص اور سچی دوستی کے
data_urti/magazines/magazine002-16.png,ہے۔ یہ ایک ایسا لفظ ہے، جس سے امید و محبت کا
data_urti/magazines/magazine002-160.png,علاوہ کامیاب ہو۔ ہاں! دوستی قائم رکھنے کے لئے تم
data_urti/magazines/magazine002-161.png,اپنے دوست کے جذبے ک ااحترام کرو۔
data_urti/magazines/magazine002-162.png,سچا اور پر خلوص دوست خدا کی طرف سے
data_urti/magazines/magazine002-163.png,انمول تحفہ ہے۔ دوستی کے جذبات ایک شفاف پانی
data_urti/magazines/magazine002-164.png,کے چشمے کی طرح ہوتے ہیں۔ دوستی بارش کی
data_urti/magazines/magazine002-165.png,بوندوں کی طرح پاکیزہ، چاندنی کی طرح تھنڈی روشنی کی
data_urti/magazines/magazine002-166.png,طرح پر سکون، ستاروں کی طرح چمکتا اور سورج کی
data_urti/magazines/magazine002-167.png,کرنوں کی طرح دمکتا پر خلوص بندھن ہے۔
data_urti/magazines/magazine002-168.png,(زبیر قمر عباسی ۔۔۔۔۔۔۔ میر پور خاص)
data_urti/magazines/magazine002-169.png,آج بھی ۔۔۔۔۔۔۔۔!
data_urti/magazines/magazine002-17.png,احساس ہوتا ہے۔ اتنا دلکش اور پر خلوص لفظ جو دل
data_urti/magazines/magazine002-170.png,تمہارے ساتھ بیتے میری زندگی کے کچھ
data_urti/magazines/magazine002-171.png,خشگوار لمحے۔۔۔۔۔۔۔ اپنی سانسوں میں صدیوں کی
data_urti/magazines/magazine002-172.png,خوشیاں سمیٹے میرے دل کے کسی گوشے میں محو
data_urti/magazines/magazine002-173.png,خواب ہیں۔ کبھی کوئی بھولی بسری یاد ہولے سے
data_urti/magazines/magazine002-174.png,انہیں جگا دیتی ہے تو میری پلکوں پہ سرد شام کے
data_urti/magazines/magazine002-175.png,آنسو بے اختیار بہنے لگتے ہیں۔ گرمیوں کی ان
data_urti/magazines/magazine002-176.png,ادھوری تاروں بھری راتوں میں میری نگاہ آسماں پر
data_urti/magazines/magazine002-177.png,اٹھتی ہع تو اک اک تارہ دور کہیں ڈھلتا اور ابھرتا
data_urti/magazines/magazine002-178.png,ہوا میری آنکھوں میں کھو سا جاتا ہے اور تمہارا عکس
data_urti/magazines/magazine002-179.png,جھلملانے لگتا ہے نیند کوسوں دور کسی مسافر رات کی
data_urti/magazines/magazine002-18.png,کی گہرائیوں سے نکلتا ہے۔ اگر کوئی چیز ابد تک
data_urti/magazines/magazine002-180.png,آغوش میں سو جاتی ہے، شاید کہ ان آنکھوں کو انتظار
data_urti/magazines/magazine002-181.png,ہے آج بھی۔۔۔۔۔۔۔۔ تمہارے آنے کا۔
data_urti/magazines/magazine002-182.png,ہاں ۔۔۔۔۔۔۔ جب میرے دل کے صحن میں
data_urti/magazines/magazine002-183.png,دھیرے سے شام اترتی ہے، پھر رات کا سایہ لہراتا
data_urti/magazines/magazine002-184.png,ہے یا شفق کی کرنیں جھلملاتی ہیں تو دل کو تمہارے
data_urti/magazines/magazine002-185.png,آنے کا یقین ہوا جاتا ہے۔ جب دسمبر کی سرد
data_urti/magazines/magazine002-186.png,ہوائیں برف کی قبا اوڑھے پہاڑوں سے ٹکراتی ہیں،
data_urti/magazines/magazine002-187.png,پھر بہار کی نم آہٹ خزاں کے خوف سے آنکھیں
data_urti/magazines/magazine002-188.png,بند کئے شگوفوں کو محبت سے جگاتی ہیں تو میری روح
data_urti/magazines/magazine002-189.png,کو تمہارے آنے کی امید زندہ کئے دیتی ہے۔
data_urti/magazines/magazine002-19.png,میرے ساتھ رہ سکتی ہے تو وہ میری ماں کی دعا ہے۔
data_urti/magazines/magazine002-190.png,لیکن آہ ۔۔۔۔۔۔۔ ان بدلتے موسموں کی یا
data_urti/magazines/magazine002-191.png,سویرے شام اور شام سے رات ہونے کی تو کیا ہی
data_urti/magazines/magazine002-192.png,بات کریں جانا ۔۔۔۔۔۔ کہ جب جب یہ دل دھڑکتا
data_urti/magazines/magazine002-193.png,ہے تو میری رگوں میں رواں خون کے قطرے اور
data_urti/magazines/magazine002-194.png,ہرآتی جاتی سانس کے ساتھ میرا انتظار گہرا ہو جاتا
data_urti/magazines/magazine002-195.png,ہے ۔۔۔۔۔۔ تمہارے لوٹ آنے کا۔
data_urti/magazines/magazine002-196.png,آج بھی ۔۔۔۔۔ تمہارے آنے کا ۔۔۔۔۔۔۔۔۔۔۔ ہاں۔۔۔۔۔۔۔۔۔۔
data_urti/magazines/magazine002-197.png,آج بھی۔۔۔۔۔۔۔۔۔!!
data_urti/magazines/magazine002-198.png,(عالیہ مسعود ۔۔۔۔۔۔۔۔ مچھ، بولان)
data_urti/magazines/magazine002-2.png,نیکوں کی صحبت سے پورا فائدہ نہ ہوگا۔ جب
data_urti/magazines/magazine002-20.png,اگر کسی کی ماں اس سے ناراض ہے تو یقینا وہ
data_urti/magazines/magazine002-21.png,جنت کی چابی گم کر چکا ہے۔ اس کو چاہئے کہ وہ اپنی
data_urti/magazines/magazine002-22.png,ماں کو راضی کر لے۔
data_urti/magazines/magazine002-23.png,(ثاقب علی ۔۔۔۔۔۔۔۔۔۔ کراچی)
data_urti/magazines/magazine002-24.png,تجھ کو آنا ہو گا
data_urti/magazines/magazine002-25.png,آخر تم چلے گئے اور میں تم کو روک بھی نہ
data_urti/magazines/magazine002-26.png,سکا۔ تم نے یہ بھی نہ سوچا کہ تمہارے جانے سے
data_urti/magazines/magazine002-27.png,میرے دل پر کیا گزرے گی۔میری آنکھیں ہر
data_urti/magazines/magazine002-28.png,چہرے میں تمہارا چہرہ تلاش کرتی ہیں۔ تمہاری ہر
data_urti/magazines/magazine002-29.png,بات اداس راتوں کی چاندنی کی چرح میرے گرد
data_urti/magazines/magazine002-3.png,آدمی بروں سے بچا نہ رہے۔
data_urti/magazines/magazine002-30.png,رقص کرتی ہے۔
data_urti/magazines/magazine002-31.png,میرا ہر آنسو تمہارے لوٹ آنے کی دعا کرتا
data_urti/magazines/magazine002-32.png,ہے اور میرے بدن کا پور پور تم سے ملنے کا طلبگار
data_urti/magazines/magazine002-33.png,ہے۔ ہر آہٹ پر تمہارے  آنے کا گماں ہوتا ہے۔
data_urti/magazines/magazine002-34.png,میں دل کواور دل مجھ کو ہر شام دلاسہ دیتا ہے کہ تم
data_urti/magazines/magazine002-35.png,ضرور آءو گے اور میری تمام تر تنہاءیوں اور اداسیوں
data_urti/magazines/magazine002-36.png,کو مجھ سے الگ کر کے میری زندگی کو ایک نیا رنگ و
data_urti/magazines/magazine002-37.png,روپ دو گے۔ مجھے اپنے رنگ میں رنگ دو گے۔ تم
data_urti/magazines/magazine002-38.png,میرے دل میں سما جاءو گے۔
data_urti/magazines/magazine002-39.png,مجھے یقین ہے کہ تم لوٹ آء وگے۔
data_urti/magazines/magazine002-4.png,نیکی کی راہ میں سب سے بڑی اور سب سے
data_urti/magazines/magazine002-40.png,(مہر رفیق احمد ۔۔۔۔۔۔۔ سرگودھا)
data_urti/magazines/magazine002-41.png,محبت نام ہے ۔۔۔۔۔۔!
data_urti/magazines/magazine002-42.png,محبت پانے کا نہیں بلکہ کھونے کا نام ہے۔
data_urti/magazines/magazine002-43.png,محبت آہوں،سسکیوں اور محرومیوں کے سوا کچھ بھی
data_urti/magazines/magazine002-44.png,نہیں۔ یہ ایک سراب ہے۔ اس راہ کی کوئی منزل
data_urti/magazines/magazine002-45.png,نہیں اور اگر ہے تو اس تک پہنچنے کے لئے غموں اور
data_urti/magazines/magazine002-46.png,دکھوں کے پہاڑ عبور کرنے پڑتے ہیں۔
data_urti/magazines/magazine002-47.png,کوئی کوئی خوش قسمت ہوتا ہے، جو اپنی منزل
data_urti/magazines/magazine002-48.png,تک پہنچ جاتا ہے۔ اتنا کچھ جاننے کے باوجود بھی
data_urti/magazines/magazine002-49.png,انسان پتا نہیں کیوں کسی سے محبت کرتے ہیں، شاید
data_urti/magazines/magazine002-5.png,آزماءش تنہائی ہے۔
data_urti/magazines/magazine002-50.png,اس لئے کہ محبت کی نہیں جاتی بلکہ ہو جاتی ہے۔
data_urti/magazines/magazine002-51.png,(منتظر علی ۔۔۔۔۔۔۔۔۔ چوٹی زیریں،ڈی جی خان)
data_urti/magazines/magazine002-52.png,میری ڈائری کا ایک ورق
data_urti/magazines/magazine002-53.png,خورشید چمکتے چمکتے تھک چکا تھا اور اگلے چند
data_urti/magazines/magazine002-54.png,لمحات کی سوغات کے ہمراہ سمندر کے نیلے پانی میں
data_urti/magazines/magazine002-55.png,اترتے ہوئے اس خوبصورت، نازک سی، شرمیلی
data_urti/magazines/magazine002-56.png,سی، شربتی آنکھوں والی چہرے پر معصومیت سجاءے
data_urti/magazines/magazine002-57.png,ہوءے چاندنی کا مکھڑا دیکھ رہا تھا۔ میں دریا کی
data_urti/magazines/magazine002-58.png,طغیانیوں اور موجوں کی پرواہ کئے بغیر اس کے
data_urti/magazines/magazine002-59.png,کنارے بیٹھ کر پانی میں ہاتھ پاءوں مار رہا تھا کہ
data_urti/magazines/magazine002-6.png,آزادی کی مشعل قربانی کے ایندھن سے
data_urti/magazines/magazine002-60.png,شاید وہ میرے دسترس میں آجائے، میں اپنی
data_urti/magazines/magazine002-61.png,نادانیوں پہ ہنستا تھا اور خود کوروشن دماغ پاتا تھا۔
data_urti/magazines/magazine002-62.png,بھلا وہ چاندنی کیسے میری دسترس میں
data_urti/magazines/magazine002-63.png,آسکتی ہے۔
data_urti/magazines/magazine002-64.png,(ایم ۔ زیڈ شاکی ۔۔۔۔۔۔۔۔ جگلوٹ سٹی)
data_urti/magazines/magazine002-65.png,نکتی چینی
data_urti/magazines/magazine002-66.png,ایک نوجوان مصور نے اپنا کمال فن ظاہر
data_urti/magazines/magazine002-67.png,کرنے کے غرض سے نہایت محنت سے ایک تصویر
data_urti/magazines/magazine002-68.png,بناءی اور اسے ایک بارونق بازار کے چوک میں
data_urti/magazines/magazine002-69.png,ایک تختہ پر آویزاں کر دیا۔ تصویر کے نیچے یہ
data_urti/magazines/magazine002-7.png,تی ہے۔
data_urti/magazines/magazine002-70.png,عبارت لکھی:
data_urti/magazines/magazine002-71.png,"""اس تصویر میں جہاں کہیں  نقص ہو، وہاں"
data_urti/magazines/magazine002-72.png,"پینسل سے نشان لگا دیا جائے۔"" نوجوان کو اپنے"
data_urti/magazines/magazine002-73.png,فن پر بہت ناز تھا اور اس کا خیال تھا کہ تصویر پر
data_urti/magazines/magazine002-74.png,ایک بھی پینسل کا نشان نہیں لایا جائے گا لیکن
data_urti/magazines/magazine002-75.png,نوجوان کی حیرت کی انتہا نہ رہی، جب شام کو اس
data_urti/magazines/magazine002-76.png,نے جا کر دیکھا کہ تمام تصویر پینسل کے نشانوں
data_urti/magazines/magazine002-77.png,کے نیچے اپنی موجودگی کو بھی مشتبہ بنا رہی تھی۔
data_urti/magazines/magazine002-78.png,نوجوان نہایت افسردہ اور مایوس ہوا۔ اس کے
data_urti/magazines/magazine002-79.png,باپ نے افسردگی کا سبب پوچھا تو اس نے اپنی
data_urti/magazines/magazine002-8.png,زیادہ مذاق کرنے سے دلوں میں جدائی اور کینہ
data_urti/magazines/magazine002-80.png,شکستہ دلی کا سب احوال کہہ سنایا۔باپ نے کہا کہ
data_urti/magazines/magazine002-81.png,ایک تصویر اس طرح کی اور تیار کرو۔ نوجوان نے
data_urti/magazines/magazine002-82.png,پھر اس طرح کی ایک اور تصویر کافی محنت سے تیار
data_urti/magazines/magazine002-83.png,کی اور کو دکھائی۔ باپ نے اس کے نیچے لکھ
data_urti/magazines/magazine002-84.png,"دیا۔ ""اس تصویر میں جہاں کہیں نقص ہو، اس کو"
data_urti/magazines/magazine002-85.png,درست کر دیا جائےاور اسی جگہ تصویر آویزاں
data_urti/magazines/magazine002-86.png,کر دی گئی۔ شام کو نوجوان نے جا کر دیکھا تو تصویر
data_urti/magazines/magazine002-87.png,پر ایک بھی پینسل کا نشان نہیں تھا۔ نوجوان بہت
data_urti/magazines/magazine002-88.png,خوش ہو ااور باپ کو بھی یہ واقعہ بتایا۔
data_urti/magazines/magazine002-89.png,"باپ نے کہا۔ "" عیب نکالنا اور الزام اینا تو"
data_urti/magazines/magazine002-9.png,جاتا ہے۔
data_urti/magazines/magazine002-90.png,آسان ہے لیکن اس سے بہتر کر کے دکھلانا بے حد
data_urti/magazines/magazine002-91.png,"مشکل ہے۔"""
data_urti/magazines/magazine002-92.png,(ناصرہ رابی معظم علی ۔۔۔۔۔۔۔۔ حیدرآباد)
data_urti/magazines/magazine002-93.png,ہم سے پوچھئے
data_urti/magazines/magazine002-94.png,کیا شادی جنت کا دروازہ ہے؟
data_urti/magazines/magazine002-95.png,جی ہاں! باہر جانے کا۔۔۔۔۔۔!!
data_urti/magazines/magazine002-96.png,انسان اپنی بے وقوفی پر کب خوش ہوتا ہے؟
data_urti/magazines/magazine002-97.png,شادی کے دن ۔۔۔۔۔!!
data_urti/magazines/magazine002-98.png,کیا زبانی لڑائی میں عورت سے کوئی جیت
data_urti/magazines/magazine002-99.png,سکتا ہے؟
data_urti/magazines/magazine004-1.png,بچی کی آہ لگی
data_urti/magazines/magazine004-10.png,کہ ولایت کا کیا بنے گا کیونکہ جلال دوسری شادی
data_urti/magazines/magazine004-100.png,عورتیں، بچے سب نہر میں نہاتے تھے۔۔۔۔۔۔۔ مردوں
data_urti/magazines/magazine004-101.png,کے لیے بڑی نہر اور عورتوں اور بچوں کے لیے ندی کا ایک
data_urti/magazines/magazine004-102.png,خاص علاقہ مخصوص تھا۔
data_urti/magazines/magazine004-103.png,ڈاکٹر جب گاءوں آیا تو اسے راستے میں ایک
data_urti/magazines/magazine004-104.png,عورت ملی، جس سے اس نے فاطمہ کے بارے میں
data_urti/magazines/magazine004-105.png,پوچھا۔۔۔۔۔۔ عورت نے کہا وہ اس وقت ندی پر ہے،
data_urti/magazines/magazine004-106.png,جب ڈاکٹر ندی پر آیا۔ فاطمہ پانی میں نہا رہی تھی۔
data_urti/magazines/magazine004-107.png,ڈاکٹر کو دیکھتے ہی اس نے ڈبکی لگائی اور دوسری
data_urti/magazines/magazine004-108.png,طرف نکل گئی، جہاں سے وہ گھر پہنچ گئی۔
data_urti/magazines/magazine004-109.png,گھر آتے ہی اس نے بھائیوں سے کہا کہ کوئی
data_urti/magazines/magazine004-11.png,ضرور کرے گا اور سوتیلی ماں بچی پر نہ جانے کتنے ظلم
data_urti/magazines/magazine004-110.png,اگر میرا پوچھے تو کہنا کہ فاطمہ یہاں نہیں ہے۔
data_urti/magazines/magazine004-111.png,ڈاکٹر پوچھتا پاچھتا فاطمہ کے گھر پہنچ گیا۔
data_urti/magazines/magazine004-112.png,دستک دی اور فاطمہ کا پوچھا تو اس کے بھائی الٹا
data_urti/magazines/magazine004-113.png,صدیق کے گلے پڑ گئے کہ جلال سے کیوں تم نے
data_urti/magazines/magazine004-114.png,فاطمہ کو خریدا ہے، اب بتاءو جلال کہاں ہے ورنہ ہم تم
data_urti/magazines/magazine004-115.png,کو پولیس کے حوالے کر دیں گے۔ بیچارا ڈاکٹر اپنی
data_urti/magazines/magazine004-116.png,بد نامی کی وجہ سے وہاں سے خاموش ہو کر چلا گیا۔
data_urti/magazines/magazine004-117.png,جلال کو پتا چلا کہ فاطمہ واپس آگئی ہے۔ وہ
data_urti/magazines/magazine004-118.png,فاطمہ کو لینے، اس کے والد کے گاءوں چلا گیا اور کہنے
data_urti/magazines/magazine004-119.png,لگا کہ تم سے کہا تھا نا کہ پھر ملیں گے۔ تو چلو میں تمہیں
data_urti/magazines/magazine004-12.png,ڈھاءے۔ یہ سوچ کر انہوں نے اپنی چھوٹی بیٹی
data_urti/magazines/magazine004-120.png,لینے آیا ہوں۔۔۔۔۔۔۔ گھر چلو۔۔۔۔۔۔۔، مگر فاطمہ نہ مانی۔
data_urti/magazines/magazine004-121.png,بالآخر۔۔۔۔۔۔ اس کے گھر والوں نے اسے سمجھایا
data_urti/magazines/magazine004-122.png,کہ لوگ کیا کہیں گے کہ کہاں تھی فاطمہ۔۔۔۔۔ اتنے
data_urti/magazines/magazine004-123.png,دن ۔۔۔۔۔۔ کم از کم وہ اتنا تو کہ دے گا کہ لاہور میں
data_urti/magazines/magazine004-124.png,رشتہ داروں کے ہاں چھوڑ آیا تھا۔۔۔۔۔۔ بے دلی سے
data_urti/magazines/magazine004-125.png,فاطمہ راضی ہو گئی۔ اس نے کہا ۔۔۔۔۔۔ ابھی میں جلال
data_urti/magazines/magazine004-126.png,کے ساتھ نہ جاءوں گی۔۔۔۔۔۔ بچے کی ولادت کے
data_urti/magazines/magazine004-127.png,بعد جاءوں گی۔
data_urti/magazines/magazine004-128.png,اس کے ہاں لڑکی پیدا ہوءی جس کا نام تحریم رکھا
data_urti/magazines/magazine004-129.png,گیا۔ بالآخر تحریم کی پیدائش کے بعد فاطمہ جلال کے
data_urti/magazines/magazine004-13.png,فاطمہ کی منت سماجت کی کہ وہ جلال سے شادی پر
data_urti/magazines/magazine004-130.png,گھر واپس آگئی۔۔۔۔۔۔ سال بعد اس کے یہاں ایک
data_urti/magazines/magazine004-131.png,اور بچی نے جنم لیا جس کا نام حرمت رکھا گیا۔ حرمت
data_urti/magazines/magazine004-132.png,کی پیدائش کے کچھ ہی ماہ بعد جلال کو گردے کی
data_urti/magazines/magazine004-133.png,تکلیف ہو گئی۔ اور پھر اچانک گردوں کے فیل
data_urti/magazines/magazine004-134.png,ہو جانے کی وجہ سے اس کا انتقال ہو گیا۔
data_urti/magazines/magazine004-135.png,اب فاطمہ اپنی دو بیٹیوں کے ساتھ اکیلی اس
data_urti/magazines/magazine004-136.png,گھر میں بہت پریشان تھی۔ گھر کے برابر میں کچھ
data_urti/magazines/magazine004-137.png,لوگ کلکتے سے ہجرت کر کے آئے تھے، ان میں ایک
data_urti/magazines/magazine004-138.png,سید بیگم تھیں۔ یہ فاطمہ کی دوست بن گئی۔ سید بیگم کا
data_urti/magazines/magazine004-139.png,ایک دیور اکبر تھا جو رنڈوا تھا، اس کی دو بیٹیاں
data_urti/magazines/magazine004-14.png,راضی ہو جائے تا کہ اس کی معصوم بھانجی ولایت کی
data_urti/magazines/magazine004-140.png,تھیں، موٹر مکینک تھا۔
data_urti/magazines/magazine004-141.png,سید بیگم نے فاطمہ سے اپنے اسی دیور کا ذکر کیا،
data_urti/magazines/magazine004-142.png,تعریف بھی کی اور یوں اکبر سے فاطمہ کی شادی کرا
data_urti/magazines/magazine004-143.png,سی۔ اکبر سے فاطمہ کی تین بیٹیاں ہوئیں   ا  ور ایک
data_urti/magazines/magazine004-144.png,بیٹا ہوا۔ بیٹے کی ماں باپ کو بہت خوشی ہوئی لیکن ہو
data_urti/magazines/magazine004-145.png,جوان ہو کر آوارہ نکلا، جس کے غم میں اکبر گھل گھل
data_urti/magazines/magazine004-146.png,کر مر گیا۔
data_urti/magazines/magazine004-147.png,فاطمہ نے جیسے تیسے بیٹیوں کی شادیاں کر دیں
data_urti/magazines/magazine004-148.png,لیکن اصغر اس کے قابو میں نہ آتا تھا۔ اس نے باپ
data_urti/magazines/magazine004-149.png,کی جائیداد دنوں میں پھونک ڈالی اور فاطمہ کو کوڑی
data_urti/magazines/magazine004-15.png,صحیح دیکھ بھال ہو سکے۔
data_urti/magazines/magazine004-150.png,کوڑی کا محتاج کر دیا۔ اصغر نے شادی بھی اپنی پسند
data_urti/magazines/magazine004-151.png,سے ایک غریب گھرانے کی لڑکی سے کی۔  لڑکی اچھی
data_urti/magazines/magazine004-152.png,تھی، ساس کا خیال رکھتی تھی مگر اصغر نہ تو ماں کا خیال
data_urti/magazines/magazine004-153.png,رکھتا تھا اور نہ بیوی کو خرچہ دیتا تھا وہ بے کار ہوا تو نشہ
data_urti/magazines/magazine004-154.png,کی لت لگا لی۔ اب وہ سارا دن گلیوں میں پھرتا اور
data_urti/magazines/magazine004-155.png,لوگوں سے نشے کے لیے پیسے مانگتا۔
data_urti/magazines/magazine004-156.png,فاطمہ پر بڑھاپے میں ایسا برا وقت آگیا کہ خدا
data_urti/magazines/magazine004-157.png,کی پناہ۔۔۔۔۔۔۔ اس کو سانس کی ڈور قائم رکھنے کے لیے
data_urti/magazines/magazine004-158.png,لوگوں کے گھروں کا کام کرنا پڑا۔ آج فاطمہ لوگوں
data_urti/magazines/magazine004-159.png,کے ہاں برتن دھوتی ہے اور اپنا اور اپنی بہو کا پیٹ
data_urti/magazines/magazine004-16.png,فاطمہ کے لیے اس رشتے کو قبول کرنا ایک گہرے
data_urti/magazines/magazine004-160.png,پالتی ہے۔اب وہ ان دنوں کو یاد کر کے روتی ہے
data_urti/magazines/magazine004-161.png,میرے پتا جی کے پاس قرض ادا کرنے کے
data_urti/magazines/magazine004-162.png,لئے رقم نہ تھی اور سامان بندھا رکھا تھا۔ جب وہ بنیا
data_urti/magazines/magazine004-163.png,رام لال ہمارے گھر آیا تو اس کی نظر مجھ پر پڑی۔
data_urti/magazines/magazine004-164.png,ان دنوں میں سات برس کی تھی اور ہم ذات کے
data_urti/magazines/magazine004-165.png,ٹھاکر تھے۔ رام لال کی رال مجھے دیکھ کر ٹپک پڑی،
data_urti/magazines/magazine004-166.png,کہنے لگا کہ اگر میرا قرض نہیں دے سکتے تو بیٹی مجھے
data_urti/magazines/magazine004-167.png,دے دو۔۔۔۔۔۔۔
data_urti/magazines/magazine004-168.png,اس وقت حالات خراب تھے، فسادات کی
data_urti/magazines/magazine004-169.png,آگ پھیلتی اور بڑھتی جا رہی تھی، مجبور ہو کر پتا جی نے
data_urti/magazines/magazine004-17.png,صدمے کی بات تھی مگر ماں باپ کا اصرار بڑھتا گیا۔
data_urti/magazines/magazine004-170.png,میری شادی کے پھیرے اس بنئے کے ساتھ لگوا
data_urti/magazines/magazine004-171.png,دیئے اور یوں تقدیر نے مجھے ایک پینسٹھ سال کے
data_urti/magazines/magazine004-172.png,بڈھے کی بیوی بنا دیا۔
data_urti/magazines/magazine004-173.png,رام لال کی دو بیویاں مر چکی تھیں۔ وہ مجھے
data_urti/magazines/magazine004-174.png,"اپنے گھر لے آیا اور میرے ""پری وار"" کو انڈیا جانے"
data_urti/magazines/magazine004-175.png,کی اجازت دے دی۔ یوں میرے ماتا، پتا اور
data_urti/magazines/magazine004-176.png,بہن،بھائی مجھے تڑپتا چھوڑ کر چلے گئے، کیونکہ انہوں
data_urti/magazines/magazine004-177.png,نے کنبے کی عافیت اسی میں سمجھی تھی کہ ایک کی قربانی
data_urti/magazines/magazine004-178.png,دیکر باقی سارے لوگوں کو بچا لیا جاءے۔
data_urti/magazines/magazine004-179.png,میں بچی تھی، لہذا رام لال نے مجھے اپنی
data_urti/magazines/magazine004-18.png,بالآخر انہوں نے پندرہ سالہ فاطمہ کو مجبور کر دیا کہ وہ
data_urti/magazines/magazine004-180.png,بھاوجوں کے سپرد کر دیا اور خود میرے جوان ہونے
data_urti/magazines/magazine004-181.png,کا انتظار کرنے لگا۔ اس کی بھابھیاں مجھ پر بہت ظلم
data_urti/magazines/magazine004-182.png,کرتی تھیں، سارے گھر کا کام مجھ سے کرواتی
data_urti/magazines/magazine004-183.png,تھیں، وہ جب چاہتیں ذرا سی بات پر مجھ کو مارنے
data_urti/magazines/magazine004-184.png,لگتی تھیں۔
data_urti/magazines/magazine004-185.png,یہ وقت تھا جب مسلمان، ہندو ایک دوسرے
data_urti/magazines/magazine004-186.png,کو اپنے گھروں کو چھوڑنے پر مجبور کر رہے تھے۔ میں
data_urti/magazines/magazine004-187.png,اتنی چھوٹی تھی کہ مجھے ملکوں کے بٹوارے کی باتیں
data_urti/magazines/magazine004-188.png,سمجھ میں نہیں آتی تھیںاور میرا ننھا سا ذہن یہی سوچتا
data_urti/magazines/magazine004-189.png,تھا آخر کیوں۔۔۔۔۔۔۔ یہ لوگ اپنے گھر بار چھوڑ کر کسی ان
data_urti/magazines/magazine004-19.png,دس برس بڑے شخص کو جو اس کا سابقہ بہنوئی بھی ہے،
data_urti/magazines/magazine004-190.png,دیکھی سر زمین کو جا رہے ہیں۔
data_urti/magazines/magazine004-191.png,ہمارے گھر کے قریب ایک اور گھرانہ بھی تھا۔
data_urti/magazines/magazine004-192.png,یہ تین افراد پر مشتمل تھا، ایک بڑھیا تھی اور اس کا بیٹا
data_urti/magazines/magazine004-193.png,اور بہو تھے۔ اس بڑھیا کے بیٹے نے کسی مسلمان کی
data_urti/magazines/magazine004-194.png,چغلی کھائی تھی۔ ان کا ٹھکانہ بتایا تھا جس سے اس کو
data_urti/magazines/magazine004-195.png,کافی نقصان پہنچا تو ان کے آدمی اس چغلی کھانے
data_urti/magazines/magazine004-196.png,والے کے گھر پوچھ گچھ کے لیے آ گئے۔ وہ شخص سمجھا
data_urti/magazines/magazine004-197.png,کہ یہ اس کو قتل کرنے آئے ہیں، تب ہی موہن نے
data_urti/magazines/magazine004-198.png,ان پر حملہ کر دیا۔ اس لڑائی میں موہن اور اس کے گھر
data_urti/magazines/magazine004-199.png,والے مارے گئے۔ وہ لوگ عورتوں کو نہیں مارنا
data_urti/magazines/magazine004-2.png,یہ پاکستان بننے سے پانچ باس قبل کی بات ہے
data_urti/magazines/magazine004-20.png,بطور دولہا قبول کر لے ورنہ اس کو جان سے مار دیا
data_urti/magazines/magazine004-200.png,چاہتے تھے مگر موہن کی ماں اور بیوی بار بار لڑائی کے
data_urti/magazines/magazine004-201.png,بیچ میں آجاتی تھیں، اس لیے ان کو بھی ہتھیار لگ
data_urti/magazines/magazine004-202.png,گئے۔ اگر وہ وہاں سے ہٹ کر اپنی جان بچا لیتیں تو
data_urti/magazines/magazine004-203.png,بچ سکتی تھیں۔
data_urti/magazines/magazine004-204.png,لڑائی میں بیچ بچاءو کرانے ایک اور شخص بھی
data_urti/magazines/magazine004-205.png,بھاگ کر آیا تھا۔ یہ محلے کا ایک آدمی تھا، اسے بھی
data_urti/magazines/magazine004-206.png,ہتھیار لگا، اس کا بازو کٹ گیا۔ اس وقت میں اپنے
data_urti/magazines/magazine004-207.png,گھر کے دروازے پر کھڑی یہ منظر دیکھ رہی تھی۔ زخمی
data_urti/magazines/magazine004-208.png,ّآدمی بھاگا آیا اور مجھے اندر کی طرف دھکا دیا اور خود
data_urti/magazines/magazine004-209.png,بھی اندر آ کر دروازہ بند کر دیا اور مجھ سے اس نے کہا
data_urti/magazines/magazine004-21.png,جائے گا۔
data_urti/magazines/magazine004-210.png,کہ تم کیا کر رہی ہو، مرنے کا ارادہ ہے کیا؟ میں۔۔۔۔۔۔
data_urti/magazines/magazine004-211.png,منہ پھاڑے اس شخص کو تکتی تھی۔ اس وقت میں اتنی
data_urti/magazines/magazine004-212.png,نا سمجھ تھی۔
data_urti/magazines/magazine004-213.png,ہمارے گھر سے کچھ فاصلے پر مسلمانوں کا ایک
data_urti/magazines/magazine004-214.png,گھرانہ آباد تھا، ان کے گھر پر کبھی کبھار ایک شمس نامی
data_urti/magazines/magazine004-215.png,شخص آیا کرتا تھا۔ میں اکثر اپنے گھر کے دروازے پر
data_urti/magazines/magazine004-216.png,کھڑی رہتی اور وہ مجھے دیکھا کرتا۔ جب میں
data_urti/magazines/magazine004-217.png,مسلمانوں کو دیکھتی، میرا جی چاہتا ۔۔۔۔۔ اے کاش میں
data_urti/magazines/magazine004-218.png,مسلمان ہوتی۔ جب اس شخص کو پتا چلا کہ میں ایک
data_urti/magazines/magazine004-219.png,ہندو لڑکی ہوں اور میرا باپ قرض کے عوض بوڑھے
data_urti/magazines/magazine004-22.png,یہ محض ایک دھمکی تھی لیکن فاطمہ اس دھمکی کو صحیح
data_urti/magazines/magazine004-220.png,بنءے کو بیچ کر چلا گیا ہے تو اسے بہت افسوس ہوا۔
data_urti/magazines/magazine004-221.png,ایک دن اس نے مجھے اپنے گھر بلوایا اور میرے
data_urti/magazines/magazine004-222.png,حالات پوچھے تو میں پھوٹ پھوٹ کر رو دی۔ شمس
data_urti/magazines/magazine004-223.png,نے مجھے سہارا دیا، تسلی دی اور کہا۔ کیا تم مذہب اسلام
data_urti/magazines/magazine004-224.png,قبول کرنا پسند کرو گی۔۔۔۔۔۔؟ مجھے مسلم گھرانے اچھے
data_urti/magazines/magazine004-225.png,لگتے تھے کیونکہ میں جس گھر جاتی، یہ لوگ مجھ سے پیار
data_urti/magazines/magazine004-23.png,سمجھی کیونکہ وہ ایک نادان کم سن لڑکی تھی مجبورا اس
data_urti/magazines/magazine004-24.png,نے ہاں کر دی یوں اس کی شادی جلال سے ہو گئی،
data_urti/magazines/magazine004-25.png,بعد میں اس نے اپنا سارا غصہ سگی بھانجی پر نکالا جس
data_urti/magazines/magazine004-26.png,کی وجہ سے اس کو ایک نا پسندیدہ شخص کو شوہر ماننا پڑا
data_urti/magazines/magazine004-27.png,تھا، اس کے خوابوں میں تو نہ جانے کون بستا تھا۔
data_urti/magazines/magazine004-28.png,وہ ولایت پر بہت ظلم توڑتی تھی۔ننھی سی جان
data_urti/magazines/magazine004-29.png,سے بڑے بڑے کام کراتی، جب بچی نہ کر پاتی تو
data_urti/magazines/magazine004-3.png,جب میری دادی جان کی سہیلی فاطمہ گاءوں سے بیاہ
data_urti/magazines/magazine004-30.png,اسے خوب مارتی۔ فاطمہ کا رویہ ولایت کے ساتھ
data_urti/magazines/magazine004-31.png,ہمیشہ منفی رہا۔ کوئی دن ایسا نہ گزرتا جب اس نے لڑکی
data_urti/magazines/magazine004-32.png,کو نہ مارا ہو۔
data_urti/magazines/magazine004-33.png,ولایت ہر وقت سہمی سہمی رہتی تھی اور سوتیلی ماں
data_urti/magazines/magazine004-34.png,کے ڈر سے باپ کو کوئی بات نہیں بتاتی تھی۔ پڑوسی
data_urti/magazines/magazine004-35.png,ولایت کی مظلومیت پر کڑھتے تھے لیکن ان کی کیا
data_urti/magazines/magazine004-36.png,مجال تھی جو جلال کو کچھ بتاتے، یوں بھی یہ شخص نخوت
data_urti/magazines/magazine004-37.png,پسند،شرابی، جواری تھا، کوئی اس کے منہ لگنا پسند
data_urti/magazines/magazine004-38.png,نہیں کرتا تھا ہر کسی کی بے عزتی کر دیتا تھا۔
data_urti/magazines/magazine004-39.png,فاطمہ کو صدیق کے پاس
data_urti/magazines/magazine004-4.png,کر امرتسر آءی تھی۔ بد قسمتی سے اسے اپنا دولہا پسند نہ
data_urti/magazines/magazine004-40.png,جانے کا مشورہ دیا۔ فاطمہ
data_urti/magazines/magazine004-41.png,نے اپنی پریشانی سے ڈاکٹر
data_urti/magazines/magazine004-42.png,صدیق کو آگاہ کیا تو اس
data_urti/magazines/magazine004-43.png,نے کچھ دیسی دوائیاںاسے
data_urti/magazines/magazine004-44.png,کھانے کو دیں۔
data_urti/magazines/magazine004-45.png,اللہ کی مرضی کہ ان دوائیوں
data_urti/magazines/magazine004-46.png,کے کھانے سے فاطمہ امید
data_urti/magazines/magazine004-47.png,سے ہو گئی،اس کی
data_urti/magazines/magazine004-48.png,جٹھانیوں اور دیورانیوں کی
data_urti/magazines/magazine004-49.png,خواہش تھی کہ فاطمہ بے
data_urti/magazines/magazine004-5.png,تھا کیونکہ جلال پہلے اس کی بڑی بہن کا سر تاج تھا۔
data_urti/magazines/magazine004-50.png,اولاد رہے تاکہ جائیداد کا کوئی اور وارث پیدا نہ
data_urti/magazines/magazine004-51.png,ہو۔۔۔۔۔ تب ہی ایک سوچی سمجھی اسکیم کے تہت انہوں
data_urti/magazines/magazine004-52.png,نےفاطمہ کے خاوند کے کان بھرے کہ فاطمہ ایک
data_urti/magazines/magazine004-53.png,صدیق نامی ڈاکٹر کے پاس جایا کرتی تھی۔ اس کو
data_urti/magazines/magazine004-54.png,اکسایا کہ تمہاری بیوی کے  اس شخص سے غلط تعلقات
data_urti/magazines/magazine004-55.png,ہیں جس کے نتیجے میں وہ امید سے ہو گئی ہے۔
data_urti/magazines/magazine004-56.png,جلال غصے میں بھرا ہوا صدیق کلینک پہنچا اور
data_urti/magazines/magazine004-57.png,اس کا گریبان پکڑ کر ذلیل کرنے لگا۔ ڈاکٹر گھبرا گیا
data_urti/magazines/magazine004-58.png,اور اس سے پوچھا کہ تم کیا چاہتے ہو، تب جلال
data_urti/magazines/magazine004-59.png,کمینگی پر اتر آیا کہ میں نے اپنی بیوی کو بیچنا ہے۔۔۔۔۔
data_urti/magazines/magazine004-6.png,شریفاں کا اچانک انتقال ہو گیا اور وہ اپنی تین برس
data_urti/magazines/magazine004-60.png,بولو خریدار بنو گے؟
data_urti/magazines/magazine004-61.png,پہلے تو وہ حیرت زدہ رہ گیا، جب اس نے
data_urti/magazines/magazine004-62.png,اندازہ کر لیا تو یہ کمینہ شخص رقم کھری کرنا چاہتا ہے تو
data_urti/magazines/magazine004-63.png,وہ راضی ہو گیا اور کہا ٹھیک ہے، تمہارے مطالبے
data_urti/magazines/magazine004-64.png,کے عین مطابق میں کل ساڑھے تین ہزار روپے
data_urti/magazines/magazine004-65.png,لے کر بادشاہی مسجد لاہور پہنچ جاءوں گا۔ اس وقت
data_urti/magazines/magazine004-66.png,ساڑھے تین ہزار روپے آج کے لاکھوں کے برابر
data_urti/magazines/magazine004-67.png,تھے۔ جلال ڈاکٹر سے وعدہ لے کر گھر لوٹ گیا۔
data_urti/magazines/magazine004-68.png,ڈاکٹر صاحب کی نئی نئی شادی ہوئی تھی اور ابھی
data_urti/magazines/magazine004-69.png,شادی کو تین ماہ گزرے تھے لیکن وہ اس امر کو خدا کی
data_urti/magazines/magazine004-7.png,کی بچی ولایت کو خدا کے حوالے کر کے خالق حقیقی
data_urti/magazines/magazine004-70.png,آزمائش سمجھ کر قبول کر چکا تھا۔ اس کی دلہن سات
data_urti/magazines/magazine004-71.png,بھائیوں کی اکلوتی بہن تھی،وہ اپنی بہن سے بہت
data_urti/magazines/magazine004-72.png,پیار کرتے تھے۔ ڈاکٹر کو اپنے سالوں کا بھی ڈر تھا۔
data_urti/magazines/magazine004-73.png,ڈاکٹر کے بھی پانچ بھائی تھے جو بہت شریف
data_urti/magazines/magazine004-74.png,لوگ تھے، تاہم بہ امر مجبوری ڈاکٹر نے یہ سودا کر لیا
data_urti/magazines/magazine004-75.png,کیونکہ دو زندگیوں کا سوال تھا۔ جلال نے دھمکی دی
data_urti/magazines/magazine004-76.png,تھی اگر تم فاطمہ کو نہیں خریدو گے تو میں اس کو ختم
data_urti/magazines/magazine004-77.png,کو دوں گا کیونکہ یہ اب میرے لائق نہیں رہی ہے۔
data_urti/magazines/magazine004-78.png,وعدے کے مطابق جلال فاطمہ کو لے کر
data_urti/magazines/magazine004-79.png,بادشاہی مسجد لاہور پہنچ گیا۔ فاطمہ ڈاکٹر کو وہاں پا کر
data_urti/magazines/magazine004-8.png,سے جا ملی۔
data_urti/magazines/magazine004-80.png,بڑی حیران ہوئی مگر سمجھی کہ شاید اتفاقیہ گھومنے پھرنے
data_urti/magazines/magazine004-81.png,کی غرض سے آیا ہے، مگر جب ڈاکٹر نے بریف کیس
data_urti/magazines/magazine004-82.png,جلال کے حوالے کیا تو فاطمہ پریشان ہو گئی۔
data_urti/magazines/magazine004-83.png,جلال نے پیسے نکال کر اپنی چادر میں چھپا لیے
data_urti/magazines/magazine004-84.png,"اور فاطمہ کے سر پر ہاتھ رکھ کر کہا کہ ""تم میری بیوی"
data_urti/magazines/magazine004-85.png,ہونے کے ساتھ ساتھ خالہ کی بیٹی بھی ہو، تو پھر ملیں
data_urti/magazines/magazine004-86.png,"گے انشاءاللہ۔۔۔۔۔"" یہ کہ کر وہ رخصت ہونے لگا تو"
data_urti/magazines/magazine004-87.png,فاطمہ گھبراگئی اور ساتھ چلنے کو ہوئی لیکن ڈاکٹر نے
data_urti/magazines/magazine004-88.png,اس کا بازو پکڑ کر روک لیا اور کہا ۔۔۔۔۔۔ دیکھا نہیں کہ
data_urti/magazines/magazine004-89.png,میں نے روپے دے کر تم کو خریدا ہے اور وہ تم کو
data_urti/magazines/magazine004-9.png,شریفاں کی وفات کے بعد والدین نے سوچا
data_urti/magazines/magazine004-90.png,فروخت کر کے جا رہا ہے۔۔۔۔۔۔۔ اب تم اس کا خیال
data_urti/magazines/magazine004-91.png,جانے دو اور چلو میرے ساتھ۔۔۔۔۔۔
data_urti/magazines/magazine004-92.png,وہ اسے زبردستی لاہور میں ایک دوست کے گھر
data_urti/magazines/magazine004-93.png,لے گیا اور فاطمہ کو کہنے لگا کیونکہ تم امید سے ہو،
data_urti/magazines/magazine004-94.png,اس لیے میں تمہیں یہاں لے آیا ہوں۔۔۔۔ بچے کی
data_urti/magazines/magazine004-95.png,ولادت کے بعد میں تم سے نکاح کر لوں گا ۔۔۔۔ فی
data_urti/magazines/magazine004-96.png,الحال تمہیں یہاں رہنا ہوگا۔ ڈاکٹر کے دوست نے
data_urti/magazines/magazine004-97.png,مانگنے لگا جبکہ وہ نوکر کو بھی نوکری سے نکال چکا تھا۔
data_urti/magazines/magazine004-98.png,ڈاکٹر اسی وقت فاطمہ کے گاءوں روانہ ہو گیا ان
data_urti/magazines/magazine004-99.png,دنوں گاءوں میں غسل خانے نہیں ہوتے تھے۔ مرد،
data_urti/magazines/magazine006-1.png,فطرت کا قانون ہے کہ پہلے دیاجاتا ہے، پھر
data_urti/magazines/magazine006-10.png,کھانا چاہتے ہیں اور دینے سے پہلے لینا چاہتے
data_urti/magazines/magazine006-100.png,کا ذریعہ بن سکتی ہے اور اس کا زوال ارد گرد کے ممالک کے لئے بھی عدم استحکام
data_urti/magazines/magazine006-101.png,کا سبب بن سکتا ہے۔ 2000 ء میں امریکا کی نیشنل انٹیلی جنس  کونسل نے، جو
data_urti/magazines/magazine006-102.png,"""سی آئی اے"" کو مشاورت فراہم کرتی ہے، سن 2015 ء کے پاکستان کی"
data_urti/magazines/magazine006-103.png,نہایت منفی تصویر کشی کی، اسکی رپورٹ میں کہا گیا تھا کہ پاکستان میں داخلی
data_urti/magazines/magazine006-104.png,خلفشار جاری رہے گا اور مرکزی حکومت  کا کنٹرول عملا سکڑ کر صرف پنجاب اور
data_urti/magazines/magazine006-105.png,تجارتی مرکز کراچی تک محدود ہو جاءے گا تاہم اس ارادے کی تازہ ترین
data_urti/magazines/magazine006-106.png,رپورٹ میں پاکستان کی منفی تصویر کشی کے بجائے چین اور بھارت کی ترقی کے
data_urti/magazines/magazine006-107.png,بارے میں پیشگوئیاں کرنے پر زور بیاں صرف کیا گیا ہے۔ غیر جانبدار تجزیہ
data_urti/magazines/magazine006-108.png,فیصد تک بڑھ جائیگا جبکہ معاشی میدان میں بھارت  2030 ء تک جاپان سے
data_urti/magazines/magazine006-109.png,آگے نکل جائے گا۔ اس رپورٹ میں تو پاکستان کے بارے میں کچھ نہیں کہا گیا
data_urti/magazines/magazine006-11.png,ہیں، جو خواب کی دنیا میں تو ہو سکتا ہے، خدا کی اس
data_urti/magazines/magazine006-110.png,لیکن معاشی پیشگوئی کے لئے اس ادارے نے جو فارمولا اختیار کیا ہے، اسے
data_urti/magazines/magazine006-111.png,پاکستان پر بھی منطبو کیا جا سکتا ہے۔ آبادی کے حوالے سے پیشگوئی اقوام متحدہ
data_urti/magazines/magazine006-112.png,نے کی ہے، جسکے مطابق 2050 ء تک پاکستان دنیا کا چوتھا سب سے بڑا ملک
data_urti/magazines/magazine006-113.png,بن جائے گا، جسکی آبادی تقریبا 35 کروڑ ہوگی جبکہ 1950 ء میں اس کی آبادی
data_urti/magazines/magazine006-114.png,محض چار کروڑ اور 2000 ء میں 14 کروڑ تھی، اس وقت تک بھارت آبادی
data_urti/magazines/magazine006-115.png,کے لحاظ سے دنیا کا سب سے بڑا ملک بن چکا ہو گا۔ بہر حال 2047 ء میں
data_urti/magazines/magazine006-116.png,پاکستان کے پاس بہت بڑی افرادی قوت ہوگی جو تیز رفتار معاشی ترقی کیلئے
data_urti/magazines/magazine006-117.png,ایک اثاثہ ثابت ہو سکتی ہے۔ پاکستان کو خوابوں کا دیس بنانے کے لئے ضروری
data_urti/magazines/magazine006-118.png,ہوگا کہ یہاں بھاری سرمایہ کاری ہوتی رہے، جو سالانہ جی ڈی پی کے
data_urti/magazines/magazine006-119.png,لیں کہ دنیا کہ بہت سے علاقے ایسے ہیں کہ جہاں
data_urti/magazines/magazine006-12.png,دنیا میں ممکن نہیں۔
data_urti/magazines/magazine006-120.png,صرف ایک ہی موسم ہوتا ہے یعنی پورے سال
data_urti/magazines/magazine006-121.png,سردی پڑتی ہے یا بارہ مہینے گرمی ہوتی ہے لیکن ہم
data_urti/magazines/magazine006-122.png,پاکستانیوں کی خوش قسمتی ہے کہ قدرت نے ہمیں
data_urti/magazines/magazine006-123.png,چاروں موسموں سے نوازا ہے، یہاں جھلسادینے
data_urti/magazines/magazine006-124.png,والی گرمی پڑتی ہے تو ٹھٹھرادینے والی سردی بھی
data_urti/magazines/magazine006-125.png,ہوتی ہے۔ یہاں پت جھڑ کا موسم آتا ہے تو موسم
data_urti/magazines/magazine006-126.png,بہار بھی خوشبو بکھیرتا ہے۔ یہاں برف بھی گرتی
data_urti/magazines/magazine006-127.png,ہے، یہاں اولے بھی پڑتے ہیں، یہاں بارش بھی
data_urti/magazines/magazine006-128.png,برستی ہے غرض کونسا ایسا موسم ہے کہ جس سے
data_urti/magazines/magazine006-129.png,قدرت نے ہمیں محروم رکھا ہے۔ پھر مختلف موسم،
data_urti/magazines/magazine006-13.png,اگر پاکستانی قوم کا تجزیہ کیا جائے تو معلوم ہو گا
data_urti/magazines/magazine006-130.png,مختلف فصلوں اور پھلوں کی پیداوار کے لئے ضروری
data_urti/magazines/magazine006-131.png,ہوتے ہیں۔ چاروں موسموں سے فیضیاب ہونے
data_urti/magazines/magazine006-132.png,کے باعث ہم ہر طرح کی غذاءی اجناس اور پھلوں
data_urti/magazines/magazine006-133.png,سے بھی بہرہ مند ہوتے ہیں۔ ذرا سوچئے تو کہ
data_urti/magazines/magazine006-134.png,امریکا یا یورپ میں کیا آپ لذیذ سندھڑی اور چونسا
data_urti/magazines/magazine006-135.png,آم سے لطف اندوز ہو سکتے ہیں۔ کئی دوسرے
data_urti/magazines/magazine006-136.png,ممالک میں آم پیدا تو ہوتا ہے لیکن اس ذائقے اور
data_urti/magazines/magazine006-137.png,شیرنی سے یکسر محروم ہوتا ہے جو پاکستانی آموں کی
data_urti/magazines/magazine006-138.png,خاصیت ہے۔ اسی طرح پاکستانی چاول کی خوشبو
data_urti/magazines/magazine006-139.png,بھی اپنی مثال آپ ہے۔ پاکستان میں سبی جیسا
data_urti/magazines/magazine006-14.png,کہ ہم نے شکر کی بجائے شکایت کا مزاج اپنا لیا
data_urti/magazines/magazine006-140.png,گرم علاقہ موجود ہےتو اسی ڈویژن میں ایک علاقہ
data_urti/magazines/magazine006-141.png,زیارت بھی موجود ہے کہ جہاں موسم گرما میں بھی
data_urti/magazines/magazine006-142.png,رات کو لحاف اوڑھنا پڑتا ہے۔ یہاں سیاچن ہے
data_urti/magazines/magazine006-143.png,کہ جو دینا کے چند بڑے گلیشیءرز میں سے ایک ہے
data_urti/magazines/magazine006-144.png,تو صحرائے تھر بھی موجود ہے، جو دنیا کا آٹھواں بڑا
data_urti/magazines/magazine006-145.png,صحراہے۔ یہاں چترال، اسکردو، گلگت کاغان جیسی
data_urti/magazines/magazine006-146.png,وادیاں بھی ہیں اور سیف الملوک جیسی خوبصورت
data_urti/magazines/magazine006-147.png,جھیل بھی کہ جسے اسکے قدرتی
data_urti/magazines/magazine006-148.png,حسن کے باعث پریوں کا
data_urti/magazines/magazine006-149.png,مسکن قرار دیا جاتا ہے۔ ہمارا
data_urti/magazines/magazine006-15.png,ہے۔ ہماری نظر مثبت کی بجائے منفی مہلوءوں پر
data_urti/magazines/magazine006-16.png,رہتی ہے۔ ہم نصف بھرے ہوئے پیالے کا صرف
data_urti/magazines/magazine006-17.png,نصف خالی حصہ دیکھتے ہیں اور دروازے کی
data_urti/magazines/magazine006-18.png,چرچراہٹ کو کھلنے کی بجائے دروازہ بند ہونے کی
data_urti/magazines/magazine006-19.png,آواز سمجھتے ہیں۔ جو کچھ ہمیں ملا ہوا ہے، ہم اسے
data_urti/magazines/magazine006-2.png,لیا جاتا پے۔ مثال کے طور پر پہلے بیچ ڈالا جاتاہے،
data_urti/magazines/magazine006-20.png,نہیں دیکھتے اور جو نہیں ملا، اسی پر نظر گاڑے
data_urti/magazines/magazine006-23.png,رہتے ہیں۔ ایسا معلوم ہوتا ہے کہ ہم سب کی قریب
data_urti/magazines/magazine006-24.png,کی نظر کمزور ہو چکی ہے، ہمیں اپنے آس پاس پھیلی
data_urti/magazines/magazine006-25.png,ہوئی اچھائیاں نظر نہیں آتیں البتہ مغرب میں پائی
data_urti/magazines/magazine006-26.png,جانے والی ادنی سے ادنی خوبی کی لئے بھی زمین و
data_urti/magazines/magazine006-27.png,آسمان کے قلابے ملا دینے میں کوئی کسر نہیں
data_urti/magazines/magazine006-28.png,چھوڑتے۔ حیرت کی بات یہ ہے کہ کوئی شخص چند
data_urti/magazines/magazine006-29.png,روز کے لئے کسی ترقی یافتہ ملک کا چکر لگا آئے تو اسے
data_urti/magazines/magazine006-3.png,آبیاری کی جاتی ہے، اس کے بعد کونپل پھوٹتی ہے،
data_urti/magazines/magazine006-30.png,اپنے ملک کی ہر چیز بری لگنے لگتی ہے لیکن اگر طویل
data_urti/magazines/magazine006-31.png,عرصہ بیرون ملک رہنا پڑ جائے تو عام طور پر اس کے
data_urti/magazines/magazine006-32.png,دل میں حب الوطنی کا جذبہ انگڑائی لینے لگتا ہے۔
data_urti/magazines/magazine006-33.png,ہمارے ہاں ہر شخص یہی دہائی دیتا نظر آت ہے
data_urti/magazines/magazine006-34.png,کہ پاکستان نے ہمیں کیا دیا۔۔۔۔۔۔۔۔۔ اس ملک سے
data_urti/magazines/magazine006-35.png,ہمیں کیا ملا لیکن اس بارے میں ہم سب کے ہونٹ
data_urti/magazines/magazine006-36.png,سلے رہتے ہیں کہ ہم نے پاکستان کو کیا لوٹایا یا پھر ہم
data_urti/magazines/magazine006-37.png,نے اسے صرف لو  ٹا ہے۔۔۔۔۔۔۔۔؟
data_urti/magazines/magazine006-38.png,پاکستان کے حوالے سے حرف شکایت زبان
data_urti/magazines/magazine006-39.png,پر لانا کفران نعمت کے مترادف ہے۔ دنیا میں
data_urti/magazines/magazine006-4.png,پودا لہلہاتا ہے، پھر وہ درخت بنتا ہے اور اس تمام
data_urti/magazines/magazine006-40.png,صرف دو ملک ایسے ہیں، جنہیں نظریاتی مملکت کہا
data_urti/magazines/magazine006-41.png,جا سکتا ہے، ان میں سے ایک پاکستان ہے اور دوسرا
data_urti/magazines/magazine006-42.png,اسرائیل۔ موخر الذکر کے بارے میں سبھی جانتے
data_urti/magazines/magazine006-43.png,ہیں کہ عالمی طاقتوں نے دنیا بھر کے یہودیوں کی
data_urti/magazines/magazine006-44.png,کمیں گاہ بنانے کے لئے اسکی تشکیل دی، دنیا کے کسی بھی
data_urti/magazines/magazine006-46.png,باوجود نہ صرف اس نے اپنا وجود اور اسلامی تشخص
data_urti/magazines/magazine006-47.png,برقرار رکھا بلکہ آج اسے اسلامی برادری میں ممتاز اور
data_urti/magazines/magazine006-48.png,نمایاؔں مقام حاصل ہے حالانکہ جب یہ وجود میں آیا
data_urti/magazines/magazine006-49.png,تو انگریزوں کی نا انصافی اور ہندوءوں کی ریشہ
data_urti/magazines/magazine006-5.png,مشقت و صبر کے بعد پھل کھانے کا مرحلہ آتا ہے
data_urti/magazines/magazine006-50.png,دوانیوں کے باعث اسے اپنے بہت سے اثاثوں
data_urti/magazines/magazine006-51.png,سے محروم ہونا پڑا تھا اور دشمنوں کو توقع تھی کہ یہ
data_urti/magazines/magazine006-52.png,نوزاءیدہ مملکت ابتدائی مشکلات نہیں جھیل سکے گی اور
data_urti/magazines/magazine006-53.png,اپنا وجود کھو بیٹھے گی یا پھر بھارت کی طفیلی ریاست
data_urti/magazines/magazine006-54.png,بن کر رہے گی لیکن ایسا نہ ہوا اور پاکستان نے عالمی
data_urti/magazines/magazine006-55.png,برادری میں ایک باوقار ملک کی حیثیت سے اپنا
data_urti/magazines/magazine006-56.png,مقام بنایا۔
data_urti/magazines/magazine006-57.png,آج جو لوگ یہ سوال کرتے ہیں کہ پاکستان
data_urti/magazines/magazine006-58.png,نے ہمیں کیا دیا۔۔۔۔۔۔۔ ان سے یہ ضرور دریافت کیا
data_urti/magazines/magazine006-59.png,جانا چاہئے کہ پاکستان کے بغیر وہ کیا ہیں۔۔۔۔۔۔؟
data_urti/magazines/magazine006-6.png,لیکن اگر انسان اصرار کرے کہ وہ پہلے پھل کھائے
data_urti/magazines/magazine006-60.png,سب سے بڑی بات تو یہ ہے کہ اسلامی جمہوریہ
data_urti/magazines/magazine006-61.png,پاکستان نے ہمیں دنیا میں تشخص عطا کیا۔ اس کرہ
data_urti/magazines/magazine006-62.png,ارض پر سبز پاسپورٹ ہی ہماری قومی شناخت ہے،
data_urti/magazines/magazine006-63.png,جس پر ہمیں فخر کرنا چاہئے۔ بات یہ ہے کہ جن
data_urti/magazines/magazine006-64.png,لوگوں کو کسی جدوجہد اور قربانی کے بغیر ایک آزاد
data_urti/magazines/magazine006-65.png,مملکت کا شہری بننا نصیب ہو گیا، وہ آزادی اور وطن
data_urti/magazines/magazine006-66.png,کی قدرو قیمت سے آگاہ نہیں
data_urti/magazines/magazine006-67.png,ہیں، اگر وطن کی قدر معلوم
data_urti/magazines/magazine006-68.png,کرنی ہے تو کردوں سے
data_urti/magazines/magazine006-69.png,پوچھیں، جو ایران، عراق، شام اور ترکی میں آباد
data_urti/magazines/magazine006-7.png,گا اور بعد میں بیج بوئے گا تو یقینا اس کی زبان پھل
data_urti/magazines/magazine006-70.png,ہیں، یہ لوگ نسل، زبان، ثقافت غرض ہر لحاظ سے
data_urti/magazines/magazine006-71.png,قومیت کی شراءط پر پورا اترتے ہیں لیکن ان کا کوئی
data_urti/magazines/magazine006-72.png,وطن نہیں ہے کیونکہ ان کا علاقہ چار مختلف ملکوں کے
data_urti/magazines/magazine006-73.png,حدود میں آتا ہے اور طویل مسلح جدوجہد اور بے شمار
data_urti/magazines/magazine006-74.png,قربانیوں کے باوجود کرد اپنے آزاد وطن کی تشکیل
data_urti/magazines/magazine006-75.png,میں کامیاب نہیں ہو سکے۔ دیکھنے کی بات یہ ہے کہ
data_urti/magazines/magazine006-76.png,کرد ایک قوم ہیں لیکن انکے پاس ملک نہیں ہے اور
data_urti/magazines/magazine006-77.png,دوسری جانب ایسا لگتا ہے کہ دنیا کے نقشے پر
data_urti/magazines/magazine006-78.png,پاکستان نام کا ایک ملک  تو موجود ہے لیکن پاکستانی
data_urti/magazines/magazine006-79.png,قوم کہیں دکھائی نہیں دیتی ۔۔۔۔۔۔! بقول ابن انشاء
data_urti/magazines/magazine006-8.png,کے ذائقے سے نا آشنا ہی رہے گی۔ ہم پاکستانیوں
data_urti/magazines/magazine006-80.png,کے جرمنی میں جرمن قوم رہتی ہے، انگلستان میں
data_urti/magazines/magazine006-81.png,انگریز اور چین میں چینی قوم بستی ہے لیکن پاکستان
data_urti/magazines/magazine006-82.png,میں پاکستانی قوم کی بجائے پنجابی، پٹھان، بلوچ،
data_urti/magazines/magazine006-83.png,سندھی اور دیگر لوگ رہتے ہیں، اس سے بھی بڑا
data_urti/magazines/magazine006-84.png,"نقصان یہ کہ ""احساس زیاں جاتا رہا۔۔۔۔۔۔۔"" پاکستان"
data_urti/magazines/magazine006-85.png,پر دشنام طرازی کرنے والوں کو ان لوگوں سے
data_urti/magazines/magazine006-86.png,عبرت حاصل کرنی چاہئے جو وطن سے محروم ہیں۔
data_urti/magazines/magazine006-87.png,جہاں تک اس بات کا تعلق ہے کہ پاکستان
data_urti/magazines/magazine006-9.png,کا مسئلہ بھی یہی ہے کہ ہم بوائی سے پہلے ہی پھل
data_urti/magazines/magazine006-91.png,معترف ہو جائے گا اور بے اختیار خدا کے حضور سجدہ
data_urti/magazines/magazine006-92.png,"شکر بجا لائے گا کہ ""اتنے بڑے جیون ساگر میں تو"
data_urti/magazines/magazine006-93.png,"نے پاکستان دیا""۔ ہم یہ نغمہ گاتے تو ہیں کہ ""چاند"
data_urti/magazines/magazine006-94.png,"میری زمیں، پھول میرا وطن"" لیکن اس کی صداقت پر"
data_urti/magazines/magazine006-95.png,یقین نہیں رکھتے حالانکہ اگر حقائق کا جائزہ لیا جائے
data_urti/magazines/magazine006-96.png,تو ہم یہی نغمہ دل سے بھی گانے لگیں گے۔ یہی دیکھ
data_urti/magazines/magazine006-97.png,1990 ء کی دہائی کے وسط میں     University of Yale کے ممتاز
data_urti/magazines/magazine006-98.png,تجزیہ نگار پال کینیڈی نے پاکستان کو ترقی پذیر دنیا میں بنیادی اہمیت کے حامل
data_urti/magazines/magazine006-99.png,۹ ممالک میں سے ایک قرار دیا تھا، جسکی ترقی پورے خطے کی خوشحالی اور استحکام
data_urti/magazines/magazine007-10.png,کی گئی ہیں کہ مون سون کے ساتھ مغربی ہوائیں بھی
data_urti/magazines/magazine007-100.png,شکایتوں کا ازالہ کرنے کے لئے بجلی اور پانی کے
data_urti/magazines/magazine007-101.png,مشترکہ منصوبوں کی پیشکش کا اعادہ کرے گا اور
data_urti/magazines/magazine007-102.png,غالبا پاکستان اپنی مجبوریوں کی بناء پر اس پیشکش کو
data_urti/magazines/magazine007-103.png,قبول کر لینے پر آمادہ ہو جائے گا۔ ہندوستان کی
data_urti/magazines/magazine007-104.png,مکتوب بھارت
data_urti/magazines/magazine007-105.png,ساجد رشید (ممبءی)
data_urti/magazines/magazine007-106.png,جب ممبئی میں ایک قیامت برپا ہوءی
data_urti/magazines/magazine007-107.png,ممبئی کو ہندوستان کا عروس البلاد کہا جاتا ہے۔
data_urti/magazines/magazine007-108.png,شہروں کی اس دلہن کی مانگ میں 26 جولائی کو جیسے
data_urti/magazines/magazine007-109.png,خاک پڑ گئی اور صرف چند گھنٹوں کی بارش نے
data_urti/magazines/magazine007-11.png,بارشیں لا رہی ہیں۔ ہندوستان کا صوبہ مہاراشٹر اور
data_urti/magazines/magazine007-110.png,پورے شہر کو کسی ڈوبتے ہوءے جزیرے کی شکل
data_urti/magazines/magazine007-111.png,دے دی۔ 25 جولائی کی رات کو جب شہر نے تھک
data_urti/magazines/magazine007-112.png,کر آنکھیں بند کی تھیں ت اسے نہیں پتہ تھا کہ
data_urti/magazines/magazine007-113.png,دوسرے دن کی صبح اتنی ہولناک ہو گی کہ بارہ گھنٹوں
data_urti/magazines/magazine007-114.png,میں دو سو لوگ بارش کے قہر کا شکار ہو جاءیں گے۔
data_urti/magazines/magazine007-115.png,ممبیا فلموں میں ایک مکالمہ اکثر دوہرایا جاتا
data_urti/magazines/magazine007-116.png,"ہے۔ ""ممبئی کی بارش اور لڑکی کا کوءی بھروسہ نہیں"" سچ"
data_urti/magazines/magazine007-117.png,مچ ممبئی کی بارش کے بارے میں قطعیت کے ساتھ
data_urti/magazines/magazine007-118.png,کوءی رائے نہیں دی جا سکتی۔ اب موسلا دھار بارش
data_urti/magazines/magazine007-119.png,ہو رہی ہے تو اگلے ہی گھنٹے میں چمکتی دھوپ نکل
data_urti/magazines/magazine007-12.png,اس کا ساحلی شہر ممبئی ان بارشوں سے بری طرح
data_urti/magazines/magazine007-120.png,آئے گی۔ 26 جولائی کی رات جب بارش شروع
data_urti/magazines/magazine007-121.png,ہوئی تھی تو لوگوں نے یہی سمجھا تھا کہ بس چند گھنٹوں
data_urti/magazines/magazine007-122.png,ہی کی تو بات ہے لیکن محکمہ موسمیات کو دھوکہ دینے
data_urti/magazines/magazine007-123.png,والے بادلوں نے ممبئی اور مضافات کو بھی دھوکا دیا
data_urti/magazines/magazine007-124.png,اور تین روز کی بارش میں تقریبا آٹھ سو لوگ ممبئی اور
data_urti/magazines/magazine007-125.png,بسوں پر انحصار کرتا ہے۔ سڑکوں پر بڑھتے پانی نے
data_urti/magazines/magazine007-126.png,نو سو بسوں کے انجن کو خراب کر دیا تھا۔ ممبئی میں
data_urti/magazines/magazine007-127.png,دوڑنے والی 44 ہزار ٹیکسیوں میں سے چار ہزار
data_urti/magazines/magazine007-128.png,ٹیکسیاں ڈوب گئی تھیں۔ ممبِی کے مضافات کاسارا
data_urti/magazines/magazine007-129.png,دارومدار آٹو رکشاءوں پر ہے۔ ان نوے ہزار آٹو
data_urti/magazines/magazine007-13.png,متاثر ہو چکا ہے۔
data_urti/magazines/magazine007-130.png,رکشاءوں میں سے بارہ ہزار بری طرح برباد ہو گئے
data_urti/magazines/magazine007-131.png,تھے تو 25 ہزار آٹو رکشاءوں کو مکمل مرمت کے بغیر
data_urti/magazines/magazine007-132.png,سڑکوں پر لایا ہی نہیں جا سکتا تھا۔ سواریاں لانے
data_urti/magazines/magazine007-133.png,لے جانے والی گاڑیاں ہی کسی شہر کے جسم میں
data_urti/magazines/magazine007-134.png,دوڑنے والے خون کی طرح ہوتی ہیں۔ لوکل ٹرینیں
data_urti/magazines/magazine007-135.png,اور بسیں ممبئی کے جسم کی شریانیں ہیں۔ یہ بند ہو
data_urti/magazines/magazine007-136.png,جاءیں تو ممبئی کو مردہ سمجھ لیجئے۔ ممبئی کی غیر متوقع
data_urti/magazines/magazine007-137.png,طوفانی بارش نے تو آمدورفت کے سارے ذرائع
data_urti/magazines/magazine007-138.png,ہی مطعل کر دیئے تھے۔ شہر کو مفلوج ہونا تھا سو ہوا،
data_urti/magazines/magazine007-139.png,لیکن سمندر میں طغیانی کی وجہ سے پانی کی نکاسی کے
data_urti/magazines/magazine007-14.png,ماہرین کا خیال ہے کہ متوقع بارشوں کا رخ
data_urti/magazines/magazine007-140.png,سارے راستے بند ہوگءے اور پانی شہر میں پھیلتا اور
data_urti/magazines/magazine007-141.png,بڑھتا چلا گیا۔ صرف چوبیس گھنٹوں میں ممبئی میں 93
data_urti/magazines/magazine007-142.png,سینٹی میٹر بارش ہو چکی تھی۔ خدا کا غضب!اتنی بارش
data_urti/magazines/magazine007-143.png,6 گھنٹوں تک کئی خاندان مٹی اور کیچڑ میں دھنسے
data_urti/magazines/magazine007-144.png,دھیرے دھیرے دم توڑتے گئے۔ جائے حادثہ پر
data_urti/magazines/magazine007-145.png,فائر بریگیڈ اور پولیس  6 گھنٹوں کے بعد پہنچ سکی،
data_urti/magazines/magazine007-146.png,تب تک 30 لوگ جن میں عورتوں اور بچوں کی
data_urti/magazines/magazine007-147.png,اکثریت تھی،مر چکے تھے۔ ممبئی سے صرف دس
data_urti/magazines/magazine007-148.png,کلومیٹر پر واقع کسی بستی میں ایسا دلدوز حادثہ بھی
data_urti/magazines/magazine007-149.png,ہو سکتا ہے یہ کسی نے بھی نہ سوچا تھا۔ قصبات اور
data_urti/magazines/magazine007-15.png,کراچی اور اس کے قرب و جوار کے ساحلی علاقوں
data_urti/magazines/magazine007-150.png,مضافات نے سماوی آفات کے قہر کو اکثر جھیلا ہے
data_urti/magazines/magazine007-151.png,لیکن ممبئی کو تو محفوظ اور جدید لوازمات سے مزین شہر
data_urti/magazines/magazine007-152.png,سمجھا جاتا ہے۔ ہندوستان کے کسی بھی خطے میں
data_urti/magazines/magazine007-153.png,جب کبھی سماوی قہر ٹوٹتا ہے تو ممبئی ملک کا پہلا شہر ہوتا
data_urti/magazines/magazine007-154.png,ہے جو  سب سے پہلے متاثرین کی امداد کے لیے
data_urti/magazines/magazine007-155.png,آگے آتا ہے لیکن اس بار تو ممبئی ہی پر سماوی آفت
data_urti/magazines/magazine007-156.png,ٹوٹ کر برسی تھی، قدرت کے غیض و غضب نے
data_urti/magazines/magazine007-157.png,کوئی تخصیص نہیں کی تھی۔ متمول علاقے بھی زیر
data_urti/magazines/magazine007-158.png,آب ہو گئے تھے۔ کیا کوئی سوچ سکتا تھا کہ مسلح
data_urti/magazines/magazine007-159.png,محافظوں کے حصار  میں اہنے والے بال ٹھاکرے
data_urti/magazines/magazine007-16.png,کی طرف ہو گا۔  ممکنہ سمندری طوفان کے ساتھ
data_urti/magazines/magazine007-160.png,کے باندرہ میں واقع عالیشان بنگلے میں پانی گھس
data_urti/magazines/magazine007-161.png,لیا۔ 28 جولاءی کی رات میں ممبئی کے کچھ علاقوں
data_urti/magazines/magazine007-162.png,میں یہ افواہ اڑی کہ سونامی کے دیو پیکر لہریں ممبئی میں
data_urti/magazines/magazine007-163.png,گھس آئی ہیں۔اس افواہ نے لوگوں کو اتنا دہشت
data_urti/magazines/magazine007-164.png,زدہ کر دیا کہ افواہ کی تصدیق کرنے کی ضرورت کسی
data_urti/magazines/magazine007-165.png,نے بھی محسوس نہیں کی اور جس نے بھی سنا وہ سڑکوں
data_urti/magazines/magazine007-166.png,پر نکل آیا۔ سونامی کے عذاب کو ممبئی تو کیا پوری دنیا
data_urti/magazines/magazine007-167.png,نہیں بھول سکی ہو گی۔ ٹھیک سات مہینے قبل
data_urti/magazines/magazine007-168.png,ہندوستان کے جنوبی ساحلوں پر سونامی کے طوفان
data_urti/magazines/magazine007-169.png,نے ایسی تباہی مچاءی تھی کہ اسکا تصور ہی روح  کو لرزا
data_urti/magazines/magazine007-17.png,بلا خیز بارشیں کراچی کے لیے ایک سنگین خطرہ بن
data_urti/magazines/magazine007-170.png,سینے کے لیے کافی ہے۔ ابتدا میں یہ افواہ اڑی
data_urti/magazines/magazine007-171.png,کہ ممبئی کو پینے کا پانی فراہم کرنے والی پوائی جھیل کا
data_urti/magazines/magazine007-172.png,بند ٹوٹ گیا ہے اور اس کا پانی شہر کی طرف بڑھ رہا
data_urti/magazines/magazine007-173.png,ہے۔ یہ افواہ ممبئی کے سانتا کروز، ملاڈ، گورے
data_urti/magazines/magazine007-174.png,گاءوں اور جوہو تک پہنچتے پہنچتے سونامی کی افواہ میں
data_urti/magazines/magazine007-175.png,بدل گئی۔ دہشت زدہ لوگ سڑکوں پر نکل آئے
data_urti/magazines/magazine007-176.png,جہاں مکمل اندھیرا تھا کیونکہ 26 جولائی کی رات ہی
data_urti/magazines/magazine007-177.png,سے ممبئی کے بیشتر علاقوں کی بجلی بند کر دی گئی تھی یا
data_urti/magazines/magazine007-178.png,بجلی کی سپلائی بارش سے متاثر ہو گءی تھی۔ جوہو کی نہرو
data_urti/magazines/magazine007-179.png,نگر جھونپڑا بستی میں تقریبا چالیس ہزار لوگ رہتے
data_urti/magazines/magazine007-18.png,سکتی ہیں جس کے مقابلے کے لیے سارے شہر کو
data_urti/magazines/magazine007-180.png,ہیں ان میں غالب اکثریت جنوبی ہند کے لوگوں کی
data_urti/magazines/magazine007-181.png,ہے جن کے عزیز و اقارب سات مہینے قبل جنوبی ہند
data_urti/magazines/magazine007-20.png,تیار رہنا چاہئے۔ جو بوسیدہ عمارتیں زمین بوس ہو
data_urti/magazines/magazine007-21.png,سکتی ہیں، ان کی مرمت کا کام  شروع کر دیا جانا
data_urti/magazines/magazine007-22.png,چاہئے۔ نشیبی علاقوں کی جو بستیاں زیر آب آ سکتی
data_urti/magazines/magazine007-23.png,ہیں، انہیں محفوظ رکھنے کا بندوبست کر لیا جانا
data_urti/magazines/magazine007-24.png,چاہئے۔سندھ، پنجاب اور سرحد میں نالوں،
data_urti/magazines/magazine007-25.png,نہروں، ندیوں اور دریاءوں کے کناروں پر بسنے
data_urti/magazines/magazine007-26.png,والوں کی محفوظ علاقوں میں منتقلی کے جو کام
data_urti/magazines/magazine007-27.png,ادھورے رہ گئے ہیں انہیں مکمل کر لیا جانا چاہئے۔
data_urti/magazines/magazine007-28.png,جو پشتے اور بند ٹوٹنے سے رہ گئے ہیں انہیں مضبوط
data_urti/magazines/magazine007-29.png,بنا لیا جانا چاہئے۔
data_urti/magazines/magazine007-3.png,ماہرین موسمیات نے خبردار کیا ہے کہ وہ
data_urti/magazines/magazine007-30.png,پنجاب کے وزیر اعلی چوہدری پرویز الہی نے
data_urti/magazines/magazine007-31.png,بتایا ہے کہ حالیہ بارشوں میں تیس ہزار سے زاءد
data_urti/magazines/magazine007-32.png,مکان تباہ ہوئے ہیں گویا تیس ہزار سے زاءد
data_urti/magazines/magazine007-33.png,خاندان بے گھر ہوئے ہیں جن کی آبادکاری کے
data_urti/magazines/magazine007-34.png,لئے ساٹھ کروڑ روپے دئیے گئے ہیں۔ یہ رقم بے گھر
data_urti/magazines/magazine007-35.png,ہو جانے والوں میں تقسیم کرنے کی بجائے بہتر ہو گا
data_urti/magazines/magazine007-36.png,کہ سول انتظامیہ اور فوج کی مشترکہ نگرانی میں نئے
data_urti/magazines/magazine007-37.png,مکانوں کی تعمیر کے لئے خرچ کی جائے تاکہ
data_urti/magazines/magazine007-38.png,آبادکاری یقینی ہو جائے اور ایسے پائیدار مکان بن
data_urti/magazines/magazine007-39.png,جائیںجو بارشوں کو سہارتے رہیں۔
data_urti/magazines/magazine007-4.png,رواں کے دوران شدید بارشوں کا ایک اور دور آسکتا
data_urti/magazines/magazine007-40.png,صوبہ سرحد کی حکومت نے سیلاب سے
data_urti/magazines/magazine007-41.png,ہونے والے نقصان کی تلافی کے لئے مرکز سے
data_urti/magazines/magazine007-42.png,پانچ ارب روپے کی امداد مانگی تھی جو غالبا تا حال
data_urti/magazines/magazine007-43.png,مہیا نہیں کی گئی ہے۔ اسلام آباد کا یہ رویہ صوبہ سرحد
data_urti/magazines/magazine007-44.png,میں مرکز گریز رجحانات کو فروغ دینے کا موجب
data_urti/magazines/magazine007-45.png,بن سکتا ہے۔ مالی وسائل کی مرکز اور صوبوں کے
data_urti/magazines/magazine007-46.png,مابین تقسیم کے عمل کے حوالے سے صوبہ سرحد کے
data_urti/magazines/magazine007-47.png,موءقف کو سخت تر بنا سکتا ہے اور دوسرے صوبوں کو
data_urti/magazines/magazine007-48.png,بھی ایسا ہی کرنے کی ترغیب دلا سکتا ہے۔ مناسب
data_urti/magazines/magazine007-49.png,ہو گا کہ سیلاب کے پیدا کئے ہوئے مسائل کے حل
data_urti/magazines/magazine007-5.png,ہے۔ پاکستان کے متعدد ساحلی علاقے متوقع
data_urti/magazines/magazine007-50.png,کے لئے صوبائی حکومتیں جو رقوم مانگ رہی ہیں، فورا
data_urti/magazines/magazine007-51.png,مہیا کر دی جائیں۔ دفاعی بجٹ میں جو اضافہ کیا گیا
data_urti/magazines/magazine007-52.png,ہے اسے کم کر کے صوبوں کی مالیاتی ضرورتیں
data_urti/magazines/magazine007-53.png,بآسانی پوری کی جا سکتی ہیں۔ مرمت کیے ہوئے
data_urti/magazines/magazine007-54.png,ایف 16 طیاروں کی خریداری پر کروڑوں ڈالر خرچ
data_urti/magazines/magazine007-55.png,کرنے کا کوئی جواز نہیں۔ یہ طیارے چند سالوں
data_urti/magazines/magazine007-56.png,میں پھر سے ناکارہ ہو جائیں گے۔ بعض حلقے کہتے
data_urti/magazines/magazine007-57.png,ہیں کہ یہ طیارے بنانے والی امریکی کارپوریشن
data_urti/magazines/magazine007-58.png,اپنی دکان بند کرنے والی ہے جس کے بعد پاکستان
data_urti/magazines/magazine007-59.png,فضائیہ کو ان طیاروں کے کل پرزے نہیں مل سکیں
data_urti/magazines/magazine007-6.png,بارشوں سے متاثر ہو سکتے ہیں۔ دریاءے چناب،
data_urti/magazines/magazine007-60.png,گے۔ ویسے بھی ان بہت ہی مہنگے طیاروں کی
data_urti/magazines/magazine007-61.png,ضرورت اس لئے نہیں کہ ہماری فوجی قیادت نے
data_urti/magazines/magazine007-62.png,ہندوستان کے ساتھ امن کے عمل کو بہر صورت
data_urti/magazines/magazine007-63.png,جاری رکھنے کا دانشمندانہ فیصلہ کر رکھا ہے جو اس لحاظ
data_urti/magazines/magazine007-64.png,سے دانشمندانہ اور حقیقت پسندانہ ہے کہ پاکستان
data_urti/magazines/magazine007-65.png,اور ہندوستان ایک اور جنگ کرنے  کی پوزیشن میں
data_urti/magazines/magazine007-66.png,نہیں رہے ہیں۔ پاکستان کی نئی امن پسندی کے
data_urti/magazines/magazine007-67.png,پیش نظر یقین کیا جا سکتا ہے کہ ہندوستان کی طرف
data_urti/magazines/magazine007-68.png,سے بھی امن برقرار رہے گا۔ امریکا بھی یہی چاہتا
data_urti/magazines/magazine007-69.png,ہے اور اس مقصد کے پیش نظر ہندوستان کو ایک
data_urti/magazines/magazine007-7.png,جہلم اور سندھ میں پھر سے اونچے درجے کے
data_urti/magazines/magazine007-70.png,بڑی فوجی طاقت بنا رہا ہے تاکہ پاکستان کے لئے
data_urti/magazines/magazine007-71.png,امن کے عمل سے دستبرداری یا واپسی ممکن نہ رہے۔
data_urti/magazines/magazine007-72.png,ہمارے ایک سابق وزیر خارجہ سردار آصف
data_urti/magazines/magazine007-73.png,احمد علی نے ہندوستان اور امریکا کے دفاعی
data_urti/magazines/magazine007-74.png,معاہدے پر تبصرہ کرتے ہوئے کہا ہے کہ اس
data_urti/magazines/magazine007-75.png,معاہدے کے ذریعے ہندوستان کل کروز میزائل
data_urti/magazines/magazine007-76.png,لے آئے گا، پٹریاٹ میزائل لے آئے گااور
data_urti/magazines/magazine007-77.png,ریڈار جام کرنے والا سسٹم لے آئے گا جس کے بعد
data_urti/magazines/magazine007-78.png,پاکستان کسی مسئلے پر ہندوستان سے بات کرے یا نہ
data_urti/magazines/magazine007-79.png,کرے، معاملے خود بخود حل ہو جائیں گے اور
data_urti/magazines/magazine007-8.png,سیلاب آسکتے ہیں اور سمندری طوفان کے وارد
data_urti/magazines/magazine007-80.png,ہندوستان کی شرائط پر حل ہوں گے۔ سردار آصف
data_urti/magazines/magazine007-81.png,احمد علی کے اس تبصرے سے یہ بات اخذ کی جا سکتی
data_urti/magazines/magazine007-82.png,ہے کہ پاکستان کو ہندوستان کا قابل اعتماد حلیف
data_urti/magazines/magazine007-83.png,بنانے کی امریکی پالیسی کو عملی شکل دینے کے لئے
data_urti/magazines/magazine007-84.png,امریکا نے ہندوستان کے ساتھ وہ دفاعی معاہدہ کیا
data_urti/magazines/magazine007-85.png,ہے کہ جو پاکستان کو ہندوستان کا حلیف بن جانے
data_urti/magazines/magazine007-86.png,پر مجبور کر سکتا ہے۔
data_urti/magazines/magazine007-87.png,ایڈوانی صاحب پاکستان کے حالیہ دورے
data_urti/magazines/magazine007-88.png,سے واپس جاتے ہوءے کہہ گئے تھے کہ اکھنڈ
data_urti/magazines/magazine007-89.png,بھارت کا تصور تو باقی نہیں رہا ہے، البتہ پاکستان
data_urti/magazines/magazine007-9.png,ہونے کا بھی امکان ہے۔ یہ پیشنگوئیاں اس بنیاد پر
data_urti/magazines/magazine007-90.png,چاہے تو ہندوستان کے ساتھ کنفیڈریشن بنا سکتا
data_urti/magazines/magazine007-91.png,ہے۔ یعنی مشترکہ دفاع، مشترکہ خارجہ پالیسی اور
data_urti/magazines/magazine007-92.png,مشترکہ تجارتی منڈی وغیرہ۔ ان کالموں میں کئی بار
data_urti/magazines/magazine007-93.png,کہا جا چکا ہے کہ پاکستان اور ہندوستان کی
data_urti/magazines/magazine007-94.png,کنفیڈریشن کے منصوبے کو ّگے بڑھایا جا رہا ہے
data_urti/magazines/magazine007-95.png,جسے امریکا کی آشیرباد حاصل ہے۔
data_urti/magazines/magazine007-96.png,بگیہار ڈیم کے تنازعہ پر عالمی بینک کے فیصلے
data_urti/magazines/magazine007-97.png,کی نوعیت کے بارے میں کوئی قیاس آرائی نہیں کی
data_urti/magazines/magazine007-98.png,جا سکتی۔ البتہ یہ کہا جا سکتا ہے کہ ہندوستان اس ڈیم
data_urti/magazines/magazine007-99.png,کو مکمل کر کے رہے گا۔ اور پاکستان کے شکوے و
data_urti/magazines/magazine009-1.png,کیا ہو رہا ہے وقاص بیٹا! وقاص کے ابو نے
data_urti/magazines/magazine009-10.png,پرائز ملے گا۔ انشااللہ تعالی بیٹا ضرور تمہیں ہی
data_urti/magazines/magazine009-100.png,اسے دیا۔ یہ سوچتے ہوءے وہ آنکھوں کے سمندر
data_urti/magazines/magazine009-101.png,میں ڈوبے ہوءے نیند کی آغوش میں چلے گئے۔ آج
data_urti/magazines/magazine009-102.png,وقاص کے ابو کی فلائٹ تھی اور وہ صبح سے جانے کی
data_urti/magazines/magazine009-103.png,تیاری میں لگے ہوئے تھے۔ دوپہر کے وقت سب
data_urti/magazines/magazine009-104.png,ان کو ایئر پورٹ چھوڑنے گئے، واپس گھر آتے
data_urti/magazines/magazine009-105.png,وقت وقاص کی آنکھوں میں آنسو رکنے کا نام نہیں
data_urti/magazines/magazine009-106.png,لے رہے تھے۔
data_urti/magazines/magazine009-107.png,اگست کا مہینہ شروع ہو چکا تھا۔ وقاص اور اس
data_urti/magazines/magazine009-108.png,کے بہن بھاءی نے خوب مل کر گھر کو جھنڈیوں سے
data_urti/magazines/magazine009-109.png,سجایا تھا اور ایک بڑا سا پاکستانی جھنڈا اپنے گھر کی
data_urti/magazines/magazine009-11.png,کامیابی ملے گی۔ مگر بیٹا میں تمہارا یہ مقابلہ دیکھنے
data_urti/magazines/magazine009-110.png,چھت پر لگایا تھا۔ گھر کی سجاوٹ کے ساتھ ساتھ وہ
data_urti/magazines/magazine009-111.png,یوم آزادی کے فنکشن میں تقریری مقابلہ کی تیاری
data_urti/magazines/magazine009-112.png,بھی کر رہا تھا اور ہر سال کی طرح اس سال اس نے
data_urti/magazines/magazine009-113.png,بہت زیادہ محنت کی تھی۔ آج تیرہ اگست تھی اور
data_urti/magazines/magazine009-114.png,دوسرے دن چودہ اگست تھی۔ وقاص اپنے کمرے
data_urti/magazines/magazine009-115.png,میں بیٹھا ٹی وی پر پاکستان کی ہسٹری کے بارے
data_urti/magazines/magazine009-116.png,میں ایک ڈاکومنٹری پروگرام دیکھ تھا جس میں
data_urti/magazines/magazine009-117.png,پاکستان کو کس طرح حاصل کیا اور آج اٹھاون سال
data_urti/magazines/magazine009-118.png,گزرنے کے بعد پاکستان نے کیا کھویا کیا
data_urti/magazines/magazine009-119.png,پایا، بتا رہے تھے۔ وقاص بڑی دلچسپی سے وہ
data_urti/magazines/magazine009-12.png,نہیں آسکوں گا کیوں کہ میری چھٹیاں ختم ہونے پر
data_urti/magazines/magazine009-120.png,پروگرام دیکھ رہا تھا، اتنے میں فون کی بیل بجی۔
data_urti/magazines/magazine009-121.png,وقاص کا پروگرام چھوڑ کر فون ریسیو کرنے کا موڈ
data_urti/magazines/magazine009-122.png,نہیں تھا مگر مسلسل بیل بجنے سے اٹھنا پڑا، شاید تمام
data_urti/magazines/magazine009-123.png,گھر والے اوپر تھے۔ وقاص نے فون ریسیو کیا تو
data_urti/magazines/magazine009-124.png,دوسرے طرف اس کے ابو تھے۔ وقاص کو ایک دم
data_urti/magazines/magazine009-125.png,بڑی خوشی ہوئی۔ چودہ اگست سے ایک دن پہلے
data_urti/magazines/magazine009-126.png,اس کے ابو کا اچانک فون آیا۔ وقاص نے خوشی خوشی
data_urti/magazines/magazine009-127.png,ان سے بات کی۔ دوسری طرف ابو بھی وقاص سے
data_urti/magazines/magazine009-128.png,تیاریوں کے بارے میں پوچھ رہے تھے۔ وہ خوشی
data_urti/magazines/magazine009-129.png,خوشی سب ان کو بتانے لگا اور اسے دھیان ہی نہیں
data_urti/magazines/magazine009-13.png,ہیں اس لیے دو دن بعد میری فلائٹ ہے اور میں دو
data_urti/magazines/magazine009-130.png,رہا کہ جا کر اپنی امی کو بتائے۔ ابو کے پوچھنے پر
data_urti/magazines/magazine009-131.png,اسے یاد آیا اور اس نے فورا آواز دے کر اوپر سے
data_urti/magazines/magazine009-132.png,امی کو بلایا۔ امی کے نیچے آنے تک اس نے مزید
data_urti/magazines/magazine009-133.png,ان سے بات کی۔ امی بات کرنے لگیں تو وہ صوفہ
data_urti/magazines/magazine009-134.png,پر ہی بیٹھ گیا۔ فون پر بات کرتے ہوءے اس نے
data_urti/magazines/magazine009-135.png,دیکھا کہ اس کیا امی کچھ پریشان سی ہو گئیں۔ فون
data_urti/magazines/magazine009-136.png,رکھنے کے بعد اس نے امی سے معلوم کرنے کی
data_urti/magazines/magazine009-137.png,کوشش کی مگر اس کی امی نے کچھ بھی بتانے سے
data_urti/magazines/magazine009-138.png,پہلے بات کو ٹال دیا۔ وقاص نے بھی زیادہ زور نہیں
data_urti/magazines/magazine009-139.png,دیا اور سیدھا اپنے کمرے میں آگیا۔ وہ آکر
data_urti/magazines/magazine009-14.png,دن بعد چلا جاءوں گا! مگر ابو اپ  تو 14 اگست میں
data_urti/magazines/magazine009-140.png,پروگرام دیکھنے ہی لگا تھا کہ لائٹ چلی گئی اور وقاص
data_urti/magazines/magazine009-141.png,کو پروگرام مس ہونے پر بہت غصہ آرہا تھا مگر وہ
data_urti/magazines/magazine009-142.png,غصہ کو ضبط کرتے ہوءے اٹھ کر اپنے کل کے فنکشن
data_urti/magazines/magazine009-143.png,کی تیاری کیلئے اوپر چلا گیا۔
data_urti/magazines/magazine009-144.png,آج چودہ اگست کا دن تھا۔ وقاص صبح فجر میں
data_urti/magazines/magazine009-145.png,اٹھا، نماز پڑھی پھر قرآن شریف کی تلاوت کر کے وہ
data_urti/magazines/magazine009-146.png,اپنی تیاری کرنے لگا۔ وقاص ناشتی کر رہا تھا کہ
data_urti/magazines/magazine009-147.png,اچانک فون کی بیل بجی، امی کچن میں تھیں، وقاص کو
data_urti/magazines/magazine009-148.png,بڑی حیرت ہوءی کہ اتنی صبح اور اتنے خاص دن صبح
data_urti/magazines/magazine009-149.png,صبح کس کا فون ہے۔ وقاص نے ریسیو کیا تو دوسری
data_urti/magazines/magazine009-15.png,بس تھوڑے ہی دن ہیں۔ کیا آپ کا دل نہیں چاہ رہا
data_urti/magazines/magazine009-150.png,طرف ابو تھے۔ اسے خوشی کے ساتھ ساتھ حیرت
data_urti/magazines/magazine009-151.png,ہو رہی تھی کہ ابو کا فون اتنی صبح صبح، ابو نے اسے جشن
data_urti/magazines/magazine009-152.png,آزادی کی مبارک باد دی۔ جوابا اس نے بھی ابو کو
data_urti/magazines/magazine009-153.png,مبارکباد دی۔ تھوڑی سی بات کرنے کے بعد اس
data_urti/magazines/magazine009-154.png,نے امی کو فون دیا اور انہیں نے مختصر سی بات کر کے
data_urti/magazines/magazine009-155.png,فون رکھ دیا۔ وقاص ناشتہ کر کے اسکول کیلئے نکل گیا
data_urti/magazines/magazine009-156.png,تھا۔ وقاص  آج اپنے آپ کو بڑا فریش محسوس کر رہا
data_urti/magazines/magazine009-157.png,تھا اور صبح صبح ابو کے سر پرائز فون نے تو اس کا موڈ
data_urti/magazines/magazine009-158.png,اور زیادہ فریش اور خوشگوارکر دیا تھا۔ وہ اسکول پہنچا
data_urti/magazines/magazine009-159.png,تو کافی اسٹوڈنٹ آئے ہوئے تھے اور کچھ آ رہے
data_urti/magazines/magazine009-16.png,کہ آپ بھی اپنے وطن پاکستان میں رہیں۔ جشن
data_urti/magazines/magazine009-160.png,تھے۔ ابھی قومی ترانے میں کچھ دیر تھی۔ اور پھر قومی
data_urti/magazines/magazine009-161.png,ترانے کا وقت ہوا۔ ترانہ ہونے کے بعد اللہ کے
data_urti/magazines/magazine009-162.png,بابرکت نام سے فنکشن کا آغاز ہوا۔ فنکشن میں ملی
data_urti/magazines/magazine009-163.png,نغمات، ٹیبلو اور تقریری مقابلے شامل تھے۔ بچوں
data_urti/magazines/magazine009-164.png,نے بڑے جوش و خروش سے ٹیبلو پیش کیے اور ملی
data_urti/magazines/magazine009-165.png,نغنے گائے۔ وقاص نے اپنی تقریر کی باری پر بڑے
data_urti/magazines/magazine009-166.png,پر جوش انداز میں تقریر کی اور تمام اساتذہ اور
data_urti/magazines/magazine009-167.png,اسٹوڈنس سے داد وصول کی۔ وقاص اسٹیج سے اتر
data_urti/magazines/magazine009-168.png,کر آرہا تھا کہ اس کی سامنے نظر پڑی تو وہ حیران رہ
data_urti/magazines/magazine009-169.png,گیا۔ سامنے اس کے امی ابو اور بہن بھائی بیٹھے
data_urti/magazines/magazine009-17.png,آزادی اپنے وطن میں اپنے بھائیوں کے ساتھ منائیں۔
data_urti/magazines/magazine009-170.png,ہوءے تھے۔ خوشی میں وقاص کو تالیاں بجا کر داد
data_urti/magazines/magazine009-171.png,دے رہے تھے۔ وقاص سیدھا ان کے قریب گیا
data_urti/magazines/magazine009-172.png,اور اپنے ابو کو دیکھ کر سب سے زیادہ حیران رہ گیا۔
data_urti/magazines/magazine009-173.png,ابو آپ یہاں پر اور اس دن، وقاص نے حیرانگی
data_urti/magazines/magazine009-174.png,سے ان سے پوچھا!وقاص کے ابو اس سے گلے
data_urti/magazines/magazine009-175.png,ملے اور پھر اپنے پاس بٹھا لیا۔ وقاص بیٹا، آپ
data_urti/magazines/magazine009-176.png,اتنے حیران ہو رہے ہو، یہ حیرانگی صرف اور صرف
data_urti/magazines/magazine009-177.png,آپ کے ساتھ اس دن کی گفتگو کی وجہ سے ہوئی
data_urti/magazines/magazine009-178.png,ہے۔ گھر چل کر آپ کو سب کچھ بتا دیں گے۔
data_urti/magazines/magazine009-179.png,وقاص اب تک حیران تھا، تھوڑی دیر میں فرسٹ،
data_urti/magazines/magazine009-18.png,نہیں بیٹا ایسی بات نہیں ہے، مجھے بھی اپنے وطن
data_urti/magazines/magazine009-180.png,سیکنڈ پراءز حاصل کرنے والوں میں انعامات تقسیم
data_urti/magazines/magazine009-181.png,کءے گءے۔ وقاص نے بھی اپنی تقریر میں فرسٹ
data_urti/magazines/magazine009-182.png,پراءز حاصل کیا جبکہ ٹیبلو میں  تھرڈ پرائز حاصل کیا
data_urti/magazines/magazine009-183.png,تھا۔ وقاص نے اپنا انعام حاصل کیا اور خوشی خوشی
data_urti/magazines/magazine009-184.png,اپنے امی ابو کے ساتھ گھر آیا۔
data_urti/magazines/magazine009-185.png,ابو نے بتایا کہ انہوں نے اپنی کمپنی سے کئے
data_urti/magazines/magazine009-186.png,ہوءے کنٹریکٹ سے دستبرداری کا فیصلہ کر لیا ہے اور
data_urti/magazines/magazine009-187.png,اس لئے میں واپس آگیا ہوں۔ کل میں نے تمہاری
data_urti/magazines/magazine009-188.png,امی کو اپنے آنے کی اطلاع دی تھی۔ اور آج صبح تو
data_urti/magazines/magazine009-189.png,میں نے آپ  کو ایئر پورٹ پر اتر تے ہی فون کیا۔
data_urti/magazines/magazine009-19.png,سے اتنی ہی محبت ہے جتنی کہ اس میں رہنے والے
data_urti/magazines/magazine009-190.png,آج میرے وطن کی آزادی کا دن ہے۔ مگر ابو آپ
data_urti/magazines/magazine009-191.png,کی نوکری! بیٹا میں نے سوچا ہے کہ  جو کچھ کرنا، اپنے
data_urti/magazines/magazine009-192.png,وطن میں کرنا ہے۔ میں نے کمپنی چھوڑی، اس کے
data_urti/magazines/magazine009-193.png,عوض مجھے کچھ جرمانہ ادا کرنا پڑے گا۔ مگر وہ جرمانہ
data_urti/magazines/magazine009-194.png,اتنا بھاری نہیں یو گا کہ میں ادا نہ کر سکوں۔ میرے
data_urti/magazines/magazine009-195.png,ملک کا مجھ پر اتنا بڑا جرمانہ ہے کہ میں ساری زندگی
data_urti/magazines/magazine009-196.png,ادا نہ کر سکوں اور یہ سب کچھ تمہارے لئے سر پرائز
data_urti/magazines/magazine009-197.png,ہے۔ وقاص اپنے ابو کی بات سمجھ گیا۔
data_urti/magazines/magazine009-198.png,آج وقاص بہت خوش تھا کہا س کے امی ابو
data_urti/magazines/magazine009-199.png,اس کے ساتھ تھے۔ آج اس کے وطن کی آزادی
data_urti/magazines/magazine009-2.png,پوچھا۔وہ ابو میں مقابلہ میں حصہ لینے کی تیاری
data_urti/magazines/magazine009-20.png,یہاں کے لوگ کرتے ہیں۔ ابو میں ایک بات
data_urti/magazines/magazine009-200.png,کے دن ساتھ اس کے ابو کی آزادی کا بھی دن تھا۔
data_urti/magazines/magazine009-201.png,یہ سوچتے ہوءے وقاص نے زور دار نعرہ لگایا
data_urti/magazines/magazine009-202.png,پاکستان زندہ باد۔
data_urti/magazines/magazine009-203.png,آج پھر ندا ہمیشہ کی طرح جماعت میں سب
data_urti/magazines/magazine009-204.png,سے پچھلی سیٹ پر بیٹھ کر باتوں میں مصروف تھی،
data_urti/magazines/magazine009-205.png,جب ٹیچر نے اسے بات کرتے دیکھا تو اس کو کھڑا
data_urti/magazines/magazine009-206.png,"کر دیا اور بولیں۔ ""ندا! چلیں اب آپ کل کا"
data_urti/magazines/magazine009-207.png,"سبق سنائیں۔"" لیکن ندا کو کچھ آتاہوتاتو سناتی۔"
data_urti/magazines/magazine009-208.png,الغرض وہ چپ چاپ کھڑی رہی۔ ٹیچر نے جب
data_urti/magazines/magazine009-209.png,"اسے یوں کھڑا دیکھا تو کہا۔ ""لگتا ہے آپ نے"
data_urti/magazines/magazine009-21.png,پوچھوں، وقاص نے کہا! ہاں پوچھو بیٹا۔ ابو آپ باہر
data_urti/magazines/magazine009-210.png,حسب معمول کچھ بھی یاد نہیں کیا چنانچہ اپنی جگہ پر
data_urti/magazines/magazine009-211.png,"کھڑی رہیں۔"" اور ندا کو کافی شرمندہ بھی کیا جس"
data_urti/magazines/magazine009-212.png,پر باقی جماعت ہنسنے لگی۔ گھر آتے ہی ندا نے غصے
data_urti/magazines/magazine009-213.png,آپ ہی کی ہے اور آپ الزام اپنی ٹیچرز کو دے
data_urti/magazines/magazine009-214.png,رہی ہیں، اگر آپ ہوم ورک نہیں کرو گی تو پھر سزا تو
data_urti/magazines/magazine009-215.png,ملے گی۔ ندا بولی لیکن ماموں جان! میرا ہوم ورک
data_urti/magazines/magazine009-216.png,کرنے کو دل نہیں چاہتا۔ ماموں بولے۔ دیکھو بیٹا
data_urti/magazines/magazine009-217.png,! ہوم ورک کرنے کو دل چاہے یا نہ چاہے، ہوم
data_urti/magazines/magazine009-218.png,ورک تو کرنا پڑتا ہے کیونکہ تعلیم کو اللہ تعالی نے ہم
data_urti/magazines/magazine009-219.png,پر فرض قرار دیاہے، بالکل اسی طرح جس طرح ہم
data_urti/magazines/magazine009-22.png,کیوں رہتے ہیں۔ کیا آپ کو وطن سے محبت
data_urti/magazines/magazine009-220.png,پر نماز فرض ہے۔ کیا آپ کو پتہ ہے کہ قرآن مجید کا
data_urti/magazines/magazine009-221.png,"پہلا لفظ ہی ""اقراء"" یعنی پڑھ سے شروع ہوا ہے۔"
data_urti/magazines/magazine009-222.png,"قرآن مجید میں ارشاد ہو ا ہے کہ "" کہو اے میرے"
data_urti/magazines/magazine009-223.png,ریحانہ بٹ۔۔۔۔۔۔۔۔۔۔۔۔۔ سیالکوٹ
data_urti/magazines/magazine009-224.png,کیا ہم پاکستانی ہیں؟
data_urti/magazines/magazine009-225.png,انور بھاءی نے صبح منہ اندھیرے اٹھ کر گھر میں
data_urti/magazines/magazine009-226.png,پڑے سب سے لمبے بانس پر پاکستانی پرچم چڑھایا
data_urti/magazines/magazine009-227.png,اور اسے چھت پر منڈیر کے سہارے باندھ دیا تھا۔
data_urti/magazines/magazine009-23.png,نہیں ہے؟ کیا آپ کو ہماری یاد نہیں آتی؟ نہیں بیٹا
data_urti/magazines/magazine009-24.png,ایسی بات نہیں ہے مجھے بھی اپنے وطن سے بہت
data_urti/magazines/magazine009-25.png,پیار ہے۔ آپ لوگوں سے دوری کا مجھے بھی احساس
data_urti/magazines/magazine009-26.png,ہے مگر میں مجبور ہوں۔ میری وہاں نوکری ہے اور
data_urti/magazines/magazine009-27.png,میں یہ نوکری ابھی نہیں چھوڑ سکتا! مگر کیوں ابو آپ
data_urti/magazines/magazine009-28.png,اپنے ملک میں رہ کر بھی نوکری کر سکتے ہیں، آپ
data_urti/magazines/magazine009-29.png,نوکری ہی تو کرتے ہیں پھر ادھر کیوں نہیں۔ وقاص
data_urti/magazines/magazine009-3.png,کر رہا تھا۔ جشن آزادی  14  اگست قریب آرہا
data_urti/magazines/magazine009-30.png,نے کہا۔ وقاص بیٹا! یہاں پر بے روزگاری بہت بڑا
data_urti/magazines/magazine009-31.png,مسئلہ ہے، آپ کو معلوم ہے!یہاں پر نوجوان نسل
data_urti/magazines/magazine009-32.png,ڈگری حاصل کر کے نوکری کی تلاش میں پھرتے
data_urti/magazines/magazine009-33.png,ہیں اور انہیں نوکری نہیں ملتی، وہ بے روز گاری سے
data_urti/magazines/magazine009-34.png,تنگ آ کر خود کشی کر لیتے ہیں جبکہ خود کشی توحرام
data_urti/magazines/magazine009-35.png,ہے، اللہ نے اس سے منع فرمایا ہے مگر ایک انسان
data_urti/magazines/magazine009-36.png,جب اپنے بیوی بچوں، ماں باپ کی ذمہ داری
data_urti/magazines/magazine009-37.png,صرف اور صرف بے روز گاری کی وجہ سے اٹھانے
data_urti/magazines/magazine009-38.png,سے قاصر ہوتا ہے تو وہ شرمندگی میں یا پھر مجبوری
data_urti/magazines/magazine009-39.png,میں خود کشی جیسے اقدام اٹھاتا ہے۔ لیکن بہت سے
data_urti/magazines/magazine009-4.png,ہے۔ وقاص نے کہا اوہ یہ تو بہت اچھی بات ہے بیٹا
data_urti/magazines/magazine009-40.png,لوگوں کے معاشی حالات ہی انہیں باہر جانے پر
data_urti/magazines/magazine009-41.png,مجبور کرتے ہیں تاکہ وہ اپنے کنبہ کی بہتر طریقے
data_urti/magazines/magazine009-42.png,سے کفالت کر سکیں۔ انہی میں سے شاید ایک میں
data_urti/magazines/magazine009-43.png,بھی ہوں۔ مگر ابو یہ تمام مسائل ہمارے خود پیدا
data_urti/magazines/magazine009-44.png,کردہ ہیں۔ آج ہر انسان صرف اور صرف اپنے
data_urti/magazines/magazine009-45.png,ذاتی مفاد کے بارے میں سوچتا ہے۔ حقدار کو اس کا
data_urti/magazines/magazine009-46.png,حق نہیں ملتا۔ سفارش کے بل بوتے پر ایمانداروں
data_urti/magazines/magazine009-47.png,کا حق بے ایمان مار لیتے ہیں۔ یہ ملک تو ہمارے
data_urti/magazines/magazine009-48.png,بزرگوں نے اسلام کے نام پر حاصل کیا تھا تا کہ اس
data_urti/magazines/magazine009-49.png,ملک میں مسلمان رہ کر اپنی زندگی قرآن اور اسلام
data_urti/magazines/magazine009-5.png,کس چیز میں حصہ لے رہے ہو آپ! ابو میں تقریری
data_urti/magazines/magazine009-50.png,کے مطابق گزار سکیں۔ مگر ابو شاید ہم لوگ تو سب
data_urti/magazines/magazine009-51.png,کچھ بھول گئے ہیں اور یہ سب کچھ قرآن اور نماز
data_urti/magazines/magazine009-52.png,سے دوری کی وجہ سے  ہے۔ اور ہم اسلام کے حقوق
data_urti/magazines/magazine009-53.png,بھی بھول گئے۔ آج پاکستان کو آزاد ہوئے
data_urti/magazines/magazine009-54.png,58 سال ہو گئے ہیں مگر ایسا لگتا ہے کہ ہم آج بھی
data_urti/magazines/magazine009-55.png,غلامی کی زندگی بسر کر رہے ہیں۔ ہاں بیٹا آپ ٹھیک
data_urti/magazines/magazine009-56.png,کہہ رہے ہیں اور یہ سب کچھ صرف انسان کی
data_urti/magazines/magazine009-57.png,خود غرضی ہے، بے ایمانی ہے۔ شاید یہ میری بھی
data_urti/magazines/magazine009-58.png,خود غرضی ہے کہ میں آپ لوگوں سے دور رہتا
data_urti/magazines/magazine009-59.png,ہوں۔ اپنے ملک سے دور رہتا ہوں جس کو ہماری
data_urti/magazines/magazine009-6.png,مقابلہ میں اور ایک ٹیبلو میں حصہ لے رہا ہوں۔
data_urti/magazines/magazine009-60.png,ضرورت ہے۔ وقاص اہنے ابو کی بات سن کر
data_urti/magazines/magazine009-61.png,خاموش ہو گیا اور سوچنے لگا کہ اس بار بھی وہ اپنے
data_urti/magazines/magazine009-62.png,ابو کے بغیر ہی جشن آزادی منائے گا۔ اور نہ جانے
data_urti/magazines/magazine009-63.png,اسے اسی طرح کتنی یوم آزادی ان کے بغیر ہی منانا
data_urti/magazines/magazine009-64.png,پڑے گی۔ وقاص اپنی سوچ سے باہر آیا تو ابو جا چکے
data_urti/magazines/magazine009-65.png,تھے۔ وقاص نویں جماعت کا طالب علم تھا۔ وہ سب
data_urti/magazines/magazine009-66.png,سے بڑا تھا اس سے چھوٹا اسد اور سب سے چھوٹی
data_urti/magazines/magazine009-67.png,مہوش تھی۔ وقاص نے جب سے ہوش سنبھالا تھا
data_urti/magazines/magazine009-68.png,اپنے ابوکو اپنے سے دور ہی پایا تھا۔ وہ باہر ملک میں
data_urti/magazines/magazine009-69.png,ہی نوکری کرتے تھے۔ وہ ہر سال اپنی سالانہ
data_urti/magazines/magazine009-7.png,وقاص نے بڑے جوشیلے انداز میں کہا۔ ابو آپ
data_urti/magazines/magazine009-70.png,چھٹیوں میں آتے تھے اور اس بار بھی وہ جون کے
data_urti/magazines/magazine009-71.png,شروع میں ہی آ گءے تھے۔ وقاص ہر بار اپنے ابو سے
data_urti/magazines/magazine009-72.png,یہاں پر رکنے کےلئے کہتا، وہ اپنی چھٹیاں گزار کر واپس
data_urti/magazines/magazine009-73.png,چلے جاتے مگر اس بار وقاص نے سوچا تھا کہ وہ اپنے
data_urti/magazines/magazine009-74.png,ابو کو روکنے کیلئے مکمل طور پر قائل کرے گا مگر وہ شاید
data_urti/magazines/magazine009-75.png,آج بھی ناکام ہو چکا تھا۔ وہ چاہتا تھا کہ اس بار یوم
data_urti/magazines/magazine009-76.png,آزادی اس کی امی ابو اوربہن بھاءی سب مل کر
data_urti/magazines/magazine009-77.png,مناءیں گے مگر شاید اس بار بھی ناممکن تھا۔ یہ سوچتے
data_urti/magazines/magazine009-78.png,ہوءے اسے بہت دکھ ہو رہا تھا کہ ہم آزاد ملک میں
data_urti/magazines/magazine009-79.png,رہتے ہوئے کس قدر بے بس ہیں کہ وہ مکمل طور پر
data_urti/magazines/magazine009-8.png,میری تقریر سننے فنکشن میں آئیں گے نا۔ آپ
data_urti/magazines/magazine009-80.png,اپنے والدین کی سر پرستی میں نہیں رہ سکتا۔۔۔۔۔!
data_urti/magazines/magazine009-81.png,وقاص کے ابو اپنے کمرے میں لیٹے سوچ
data_urti/magazines/magazine009-82.png,رہے تھے۔ آج انہیں وقاص سے گفتگو کر کے بہت
data_urti/magazines/magazine009-83.png,اپنی دوری کا احساس ہو رہا تھا اور سوچ اہے تھے کہ
data_urti/magazines/magazine009-84.png,واقعی انہیں بھی اپنی فیملی کے ساتھ رہنا چاہئے تھا مگر
data_urti/magazines/magazine009-85.png,انہیں وہ وقت یاد آیا جب وہ ایک کمپنی میں معمولی سی
data_urti/magazines/magazine009-86.png,نوکری پر فائز تھے مگر پھر ان کی قسمت نے ان کا
data_urti/magazines/magazine009-87.png,ساتھ دیا اور انہیں کمپنی کی طرف سے باہر جانے کا
data_urti/magazines/magazine009-88.png,موقع مل گیا اور وہ اپنی بیوی بچوں کو چھوڑ کر دیار
data_urti/magazines/magazine009-89.png,غیر چلے گئے اور اب تو انہوں نے کمپنی کے ساتھ
data_urti/magazines/magazine009-9.png,دیکھیئے ہر سال کی طرح اس سال بھی مجھے ہی فرسٹ
data_urti/magazines/magazine009-90.png,پانچ سال کا کنٹریکٹ کیا ہوا تھا اور ابھی اس
data_urti/magazines/magazine009-91.png,کنٹریکٹ کے مکمل ہونے میں تقریبا دو سال تھے
data_urti/magazines/magazine009-92.png,اور اسی وجہ سے شاید وہ مکمل طور پر سیٹل نہیں ہو سکتے
data_urti/magazines/magazine009-93.png,ہیں مگر ان کا دل بھی اس بار جشن آزادی اپنے وطن
data_urti/magazines/magazine009-94.png,میں اپنے وطن کے لوگوں کے ساتھ منانے کا دل
data_urti/magazines/magazine009-95.png,چاہ رہا تھا مگر وہ مجبور تھےاور آج تو انہیں وقاص کی
data_urti/magazines/magazine009-96.png,باتیں سن کر احساس ہو رہا تھا کہ اپنے وطن کو اپنے
data_urti/magazines/magazine009-97.png,ہی چھوڑ کر جائیں تو اس ملک کی حالت کیا ہو گی۔
data_urti/magazines/magazine009-98.png,اور انہوں نے بھی اپنے وطن سے دور رہ کر نہ تو اس
data_urti/magazines/magazine009-99.png,کی تعمیر و ترقی میں حصہ لیا اور نہ ہی اپنے وطن کا حق
